phase,x_m,y_m,reachable,detection_probability,geometry_score,passes_coarse_screen,proxy_score,expected_log_diameter_gain,selected,in_excellent_region
coarse,0.000000,-1800.000000,False,0.000000000,0.000000000,False,0.000000000,,False,False
coarse,-600.000000,-1650.000000,True,0.065699529,0.855158744,False,0.056183527,,False,False
coarse,-450.000000,-1650.000000,True,0.065781587,0.902453578,False,0.059364829,,False,False
coarse,-300.000000,-1650.000000,True,0.056512522,0.941537242,False,0.053208644,,False,False
coarse,-150.000000,-1650.000000,True,0.038219935,0.971575153,False,0.037133539,,False,False
coarse,0.000000,-1650.000000,True,0.013443089,0.993676207,False,0.013358077,,False,False
coarse,150.000000,-1650.000000,False,0.000000000,0.000000000,False,0.000000000,,False,False
coarse,300.000000,-1650.000000,False,0.000000000,0.000000000,False,0.000000000,,False,False
coarse,450.000000,-1650.000000,False,0.000000000,0.000000000,False,0.000000000,,False,False
coarse,600.000000,-1650.000000,False,0.000000000,0.000000000,False,0.000000000,,False,False
coarse,-900.000000,-1500.000000,True,0.123771829,0.690575910,False,0.085473843,,False,False
coarse,-750.000000,-1500.000000,True,0.152030188,0.759483659,False,0.115464443,,False,False
coarse,-600.000000,-1500.000000,True,0.174102670,0.820312903,False,0.142818667,,False,False
coarse,-450.000000,-1500.000000,True,0.186600191,0.871226187,False,0.162570973,,False,False
coarse,-300.000000,-1500.000000,True,0.185927092,0.912302959,False,0.169621836,,False,False
coarse,-150.000000,-1500.000000,True,0.166125072,0.945616199,False,0.157090559,,False,False
coarse,0.000000,-1500.000000,True,0.127966411,0.970138799,False,0.124145181,,False,False
coarse,150.000000,-1500.000000,True,0.072714565,0.986716954,False,0.071748694,,False,False
coarse,300.000000,-1500.000000,True,0.010037759,0.996830212,False,0.010005941,,False,False
coarse,450.000000,-1500.000000,False,0.000000000,0.000000000,False,0.000000000,,False,False
coarse,600.000000,-1500.000000,False,0.000000000,0.000000000,False,0.000000000,,False,False
coarse,750.000000,-1500.000000,False,0.000000000,0.000000000,False,0.000000000,,False,False
coarse,900.000000,-1500.000000,False,0.000000000,0.000000000,False,0.000000000,,False,False
coarse,-1050.000000,-1350.000000,True,0.182828093,0.556912517,False,0.101819253,,False,False
coarse,-900.000000,-1350.000000,True,0.238387108,0.637550382,False,0.151983792,,False,False
coarse,-750.000000,-1350.000000,True,0.296420048,0.709946286,False,0.210442312,,False,False
coarse,-600.000000,-1350.000000,True,0.346228866,0.776576002,False,0.268873028,,False,False
coarse,-450.000000,-1350.000000,True,0.379557103,0.835666707,False,0.317183234,,False,False
coarse,-300.000000,-1350.000000,True,0.392732134,0.883430564,False,0.346951571,,False,False
coarse,-150.000000,-1350.000000,True,0.384730159,0.919751716,False,0.353856224,,False,False
coarse,0.000000,-1350.000000,True,0.349236177,0.947081635,False,0.330755170,,False,False
coarse,150.000000,-1350.000000,True,0.286413408,0.965982122,False,0.276670232,,False,False
coarse,300.000000,-1350.000000,True,0.193531790,0.979231088,False,0.189512346,,False,False
coarse,450.000000,-1350.000000,True,0.077251662,0.990140453,False,0.076489995,,False,False
coarse,600.000000,-1350.000000,True,0.000328451,0.999720802,False,0.000328360,,False,False
coarse,750.000000,-1350.000000,False,0.000000000,0.000000000,False,0.000000000,,False,False
coarse,900.000000,-1350.000000,False,0.000000000,0.000000000,False,0.000000000,,False,False
coarse,1050.000000,-1350.000000,False,0.000000000,0.000000000,False,0.000000000,,False,False
coarse,-1200.000000,-1200.000000,True,0.220074481,0.395996740,False,0.087148777,,False,False
coarse,-1050.000000,-1200.000000,True,0.295701602,0.480476023,False,0.142077530,,False,False
coarse,-900.000000,-1200.000000,True,0.373952812,0.563246985,False,0.210627793,,False,False
coarse,-750.000000,-1200.000000,True,0.450744253,0.646693003,False,0.291493155,,False,False
coarse,-600.000000,-1200.000000,True,0.526999623,0.722714911,False,0.380870486,,False,False
coarse,-450.000000,-1200.000000,True,0.597484857,0.788854071,False,0.471328362,,False,False
coarse,-300.000000,-1200.000000,True,0.660850754,0.842937679,False,0.557056000,,False,False
coarse,-150.000000,-1200.000000,True,0.698960901,0.887109668,False,0.620054973,,False,False
coarse,0.000000,-1200.000000,True,0.687070323,0.917594350,False,0.630451846,,False,False
coarse,150.000000,-1200.000000,True,0.629672321,0.940700757,False,0.592333229,,False,False
coarse,300.000000,-1200.000000,True,0.529446090,0.957965250,False,0.507190956,,False,False
coarse,450.000000,-1200.000000,True,0.389549371,0.970529825,False,0.378069283,,False,False
coarse,600.000000,-1200.000000,True,0.217156828,0.982438572,False,0.213343244,,False,False
coarse,750.000000,-1200.000000,True,0.053440312,0.993554727,False,0.053095875,,False,False
coarse,900.000000,-1200.000000,False,0.000000000,0.000000000,False,0.000000000,,False,False
coarse,1050.000000,-1200.000000,False,0.000000000,0.000000000,False,0.000000000,,False,False
coarse,1200.000000,-1200.000000,False,0.000000000,0.000000000,False,0.000000000,,False,False
coarse,-1350.000000,-1050.000000,True,0.224619014,0.214955358,False,0.048283061,,False,False
coarse,-1200.000000,-1050.000000,True,0.311895055,0.298618343,False,0.093137584,,False,False
coarse,-1050.000000,-1050.000000,True,0.411196154,0.386975271,False,0.159122743,,False,False
coarse,-900.000000,-1050.000000,True,0.509499268,0.480770947,False,0.244952445,,False,False
coarse,-750.000000,-1050.000000,True,0.613633008,0.572068356,False,0.351040026,,False,False
coarse,-600.000000,-1050.000000,True,0.724070841,0.654587166,False,0.473967480,,False,False
coarse,-450.000000,-1050.000000,True,0.832663902,0.727891301,True,0.606088811,4.337841995,False,False
coarse,-300.000000,-1050.000000,True,0.930636646,0.791114458,True,0.736240106,4.956044362,False,False
coarse,-150.000000,-1050.000000,True,0.974490401,0.852354773,True,0.830611544,5.316711267,False,False
coarse,0.000000,-1050.000000,True,0.976873043,0.903050287,True,0.882165482,5.430852711,False,False
coarse,150.000000,-1050.000000,True,0.932332144,0.936639583,True,0.873259191,5.227752412,False,False
coarse,300.000000,-1050.000000,True,0.821828895,0.956122018,True,0.785768701,4.597832722,False,False
coarse,450.000000,-1050.000000,True,0.682432827,0.967929279,False,0.660546714,,False,False
coarse,600.000000,-1050.000000,True,0.512528205,0.976492561,False,0.500479980,,False,False
coarse,750.000000,-1050.000000,True,0.322682080,0.984860878,False,0.317796957,,False,False
coarse,900.000000,-1050.000000,True,0.142972437,0.992059084,False,0.141837105,,False,False
coarse,1050.000000,-1050.000000,True,0.015395074,0.996722382,False,0.015344615,,False,False
coarse,1200.000000,-1050.000000,False,0.000000000,0.000000000,False,0.000000000,,False,False
coarse,1350.000000,-1050.000000,False,0.000000000,0.000000000,False,0.000000000,,False,False
coarse,-1500.000000,-900.000000,True,0.205225137,0.027401243,False,0.005623424,,False,False
coarse,-1350.000000,-900.000000,True,0.297977939,0.103410085,False,0.030813924,,False,False
coarse,-1200.000000,-900.000000,True,0.411575895,0.186920552,False,0.076931993,,False,False
coarse,-1050.000000,-900.000000,True,0.526023072,0.280961808,False,0.147792393,,False,False
coarse,-900.000000,-900.000000,True,0.647141411,0.381451229,False,0.246852886,,False,False
coarse,-750.000000,-900.000000,True,0.786989704,0.481006804,False,0.378547403,,False,False
coarse,-600.000000,-900.000000,True,0.923185259,0.575980968,True,0.531737140,4.468847033,False,False
coarse,-450.000000,-900.000000,True,1.000000000,0.672041501,True,0.672041501,5.104105523,False,False
coarse,-300.000000,-900.000000,True,1.000000000,0.767578015,True,0.767578015,5.372535319,False,False
coarse,-150.000000,-900.000000,True,1.000000000,0.844030777,True,0.844030777,5.554929161,False,False
coarse,0.000000,-900.000000,True,1.000000000,0.899592110,True,0.899592110,5.670612885,False,False
coarse,150.000000,-900.000000,True,1.000000000,0.934934710,True,0.934934710,5.722439227,False,False
coarse,300.000000,-900.000000,True,0.973095137,0.954491510,True,0.928811047,5.560986886,False,False
coarse,450.000000,-900.000000,True,0.864435015,0.963017906,True,0.832466398,4.889534793,False,False
coarse,600.000000,-900.000000,True,0.706762510,0.966862909,False,0.683342457,,False,False
coarse,750.000000,-900.000000,True,0.525315324,0.972242597,False,0.510733935,,False,False
coarse,900.000000,-900.000000,True,0.342544743,0.976362572,False,0.334447867,,False,False
coarse,1050.000000,-900.000000,True,0.166085119,0.981240276,False,0.162969408,,False,False
coarse,1200.000000,-900.000000,True,0.038836180,0.982887983,False,0.038171614,,False,False
coarse,1350.000000,-900.000000,False,0.000000000,0.000000000,False,0.000000000,,False,False
coarse,1500.000000,-900.000000,False,0.000000000,0.000000000,False,0.000000000,,False,False
coarse,-1500.000000,-750.000000,True,0.258350521,0.091006926,False,0.023511687,,False,False
coarse,-1350.000000,-750.000000,True,0.374944908,0.019855514,False,0.007444724,,False,False
coarse,-1200.000000,-750.000000,True,0.500850159,0.061557434,False,0.030831051,,False,False
coarse,-1050.000000,-750.000000,True,0.635727624,0.155631488,False,0.098939236,,False,False
coarse,-900.000000,-750.000000,True,0.793760839,0.261146915,False,0.207288194,,False,False
coarse,-750.000000,-750.000000,True,0.949550373,0.375387242,False,0.356449096,,False,False
coarse,-600.000000,-750.000000,True,1.000000000,0.505668719,True,0.505668719,4.686258657,False,False
coarse,-450.000000,-750.000000,True,1.000000000,0.635151752,True,0.635151752,5.136089224,False,False
coarse,-300.000000,-750.000000,True,1.000000000,0.745460632,True,0.745460632,5.449951540,False,False
coarse,-150.000000,-750.000000,True,1.000000000,0.831488078,True,0.831488078,5.656109928,False,False
coarse,0.000000,-750.000000,True,1.000000000,0.891198494,True,0.891198494,5.774314915,False,False
coarse,150.000000,-750.000000,True,1.000000000,0.925923544,True,0.925923544,5.809736329,False,False
coarse,300.000000,-750.000000,True,0.992690929,0.940694224,True,0.933818623,5.740863907,False,False
coarse,450.000000,-750.000000,True,0.948170825,0.945538638,True,0.896532150,5.410881995,False,False
coarse,600.000000,-750.000000,True,0.834586171,0.945532634,True,0.789128461,4.683757328,False,False
coarse,750.000000,-750.000000,True,0.662796512,0.946573272,False,0.627385464,,False,False
coarse,900.000000,-750.000000,True,0.485194627,0.947724801,False,0.459830982,,False,False
coarse,1050.000000,-750.000000,True,0.309096306,0.951285728,False,0.294038904,,False,False
coarse,1200.000000,-750.000000,True,0.148404993,0.952803926,False,0.141400860,,False,False
coarse,1350.000000,-750.000000,True,0.032849132,0.953850493,False,0.031333161,,False,False
coarse,1500.000000,-750.000000,False,0.000000000,0.000000000,False,0.000000000,,False,False
coarse,-1650.000000,-600.000000,True,0.199238851,0.270178026,False,0.053829960,,False,False
coarse,-1500.000000,-600.000000,True,0.309023852,0.215402882,False,0.066564628,,False,False
coarse,-1350.000000,-600.000000,True,0.442314915,0.152311125,False,0.067369482,,False,False
coarse,-1200.000000,-600.000000,True,0.587415235,0.078982069,False,0.046395271,,False,False
coarse,-1050.000000,-600.000000,True,0.748053381,0.009045022,False,0.006766159,,False,False
coarse,-900.000000,-600.000000,True,0.923449402,0.116126750,False,0.107237178,,False,False
coarse,-750.000000,-600.000000,True,1.000000000,0.257079099,False,0.257079099,,False,False
coarse,-600.000000,-600.000000,True,1.000000000,0.425989284,False,0.425989284,,False,False
coarse,-450.000000,-600.000000,True,1.000000000,0.579136699,True,0.579136699,5.091359792,False,False
coarse,-300.000000,-600.000000,True,1.000000000,0.707784872,True,0.707784872,5.477165959,False,False
coarse,-150.000000,-600.000000,True,1.000000000,0.806835066,True,0.806835066,5.723025876,False,False
coarse,0.000000,-600.000000,True,1.000000000,0.872277425,True,0.872277425,5.842598310,False,False
coarse,150.000000,-600.000000,True,1.000000000,0.906291905,True,0.906291905,5.865452656,False,False
coarse,300.000000,-600.000000,True,0.999401343,0.915400038,True,0.914852027,5.801230039,False,False
coarse,450.000000,-600.000000,True,0.967349093,0.913965369,True,0.884123571,5.520381526,False,False
coarse,600.000000,-600.000000,True,0.897108600,0.908697656,True,0.815200482,5.013624144,False,False
coarse,750.000000,-600.000000,True,0.755447071,0.905845256,False,0.684318145,,False,False
coarse,900.000000,-600.000000,True,0.581819549,0.906199710,False,0.527244706,,False,False
coarse,1050.000000,-600.000000,True,0.409584004,0.906287019,False,0.371200666,,False,False
coarse,1200.000000,-600.000000,True,0.249665973,0.908962067,False,0.226936899,,False,False
coarse,1350.000000,-600.000000,True,0.108862676,0.907505366,False,0.098793463,,False,False
coarse,1500.000000,-600.000000,True,0.015130471,0.914673757,False,0.013839444,,False,False
coarse,1650.000000,-600.000000,False,0.000000000,0.000000000,False,0.000000000,,False,False
coarse,-1650.000000,-450.000000,True,0.225539981,0.388012395,False,0.087512308,,False,False
coarse,-1500.000000,-450.000000,True,0.352857925,0.341108463,False,0.120362824,,False,False
coarse,-1350.000000,-450.000000,True,0.498905286,0.289883630,False,0.144624475,,False,False
coarse,-1200.000000,-450.000000,True,0.658744515,0.229391389,False,0.151110319,,False,False
coarse,-1050.000000,-450.000000,True,0.849791629,0.155388769,False,0.132048075,,False,False
coarse,-900.000000,-450.000000,True,1.000000000,0.065423157,False,0.065423157,,False,False
coarse,-750.000000,-450.000000,True,1.000000000,0.077628492,False,0.077628492,,False,False
coarse,-600.000000,-450.000000,True,1.000000000,0.302456270,False,0.302456270,,False,False
coarse,-450.000000,-450.000000,True,1.000000000,0.477419286,False,0.477419286,,False,False
coarse,-300.000000,-450.000000,True,1.000000000,0.636297331,True,0.636297331,5.399148040,False,False
coarse,-150.000000,-450.000000,True,1.000000000,0.757869407,True,0.757869407,5.716033310,False,False
coarse,0.000000,-450.000000,True,1.000000000,0.833606475,True,0.833606475,5.851800324,False,False
coarse,150.000000,-450.000000,True,1.000000000,0.868301046,True,0.868301046,5.855459245,False,False
coarse,300.000000,-450.000000,True,1.000000000,0.872604441,True,0.872604441,5.769345224,False,False
coarse,450.000000,-450.000000,True,0.974857830,0.864625986,True,0.842887412,5.503886568,False,False
coarse,600.000000,-450.000000,True,0.920549002,0.853840074,True,0.786001628,5.067439972,False,False
coarse,750.000000,-450.000000,True,0.810774353,0.848102624,True,0.687619856,4.351349786,False,False
coarse,900.000000,-450.000000,True,0.644510665,0.847991493,False,0.546539561,,False,False
coarse,1050.000000,-450.000000,True,0.479290489,0.847842268,False,0.406362735,,False,False
coarse,1200.000000,-450.000000,True,0.320412552,0.850467564,False,0.272500483,,False,False
coarse,1350.000000,-450.000000,True,0.176653980,0.852028918,False,0.150514299,,False,False
coarse,1500.000000,-450.000000,True,0.057144281,0.853815094,False,0.048790650,,False,False
coarse,1650.000000,-450.000000,True,0.003898609,0.867180112,False,0.003380797,,False,False
coarse,-1650.000000,-300.000000,True,0.242066670,0.502126368,False,0.121548058,,False,False
coarse,-1500.000000,-300.000000,True,0.384777921,0.463786558,False,0.178454828,,False,False
coarse,-1350.000000,-300.000000,True,0.545488888,0.424812157,False,0.231730311,,False,False
coarse,-1200.000000,-300.000000,True,0.727978201,0.377570688,False,0.274863230,,False,False
coarse,-1050.000000,-300.000000,True,0.931958739,0.323320745,False,0.301321593,,False,False
coarse,-900.000000,-300.000000,True,1.000000000,0.280768426,False,0.280768426,,False,False
coarse,-750.000000,-300.000000,True,1.000000000,0.239697212,False,0.239697212,,False,False
coarse,-600.000000,-300.000000,True,1.000000000,0.107154076,False,0.107154076,,False,False
coarse,-450.000000,-300.000000,True,1.000000000,0.245574729,False,0.245574729,,False,False
coarse,-300.000000,-300.000000,True,1.000000000,0.491993843,False,0.491993843,,False,False
coarse,-150.000000,-300.000000,True,1.000000000,0.658831376,True,0.658831376,5.529320117,False,False
coarse,0.000000,-300.000000,True,1.000000000,0.757470598,True,0.757470598,5.737212655,False,False
coarse,150.000000,-300.000000,True,1.000000000,0.798669535,True,0.798669535,5.738693201,False,False
coarse,300.000000,-300.000000,True,1.000000000,0.801532235,True,0.801532235,5.642276245,False,False
coarse,450.000000,-300.000000,True,0.976411905,0.789787731,True,0.771158143,5.371283925,False,False
coarse,600.000000,-300.000000,True,0.924996996,0.776631656,True,0.718381949,4.945797927,False,False
coarse,750.000000,-300.000000,True,0.831104018,0.770027232,True,0.639972726,4.329042377,False,False
coarse,900.000000,-300.000000,True,0.681488634,0.771145305,False,0.525526760,,False,False
coarse,1050.000000,-300.000000,True,0.521203052,0.773877612,False,0.403347374,,False,False
coarse,1200.000000,-300.000000,True,0.365058634,0.778846552,False,0.284324658,,False,False
coarse,1350.000000,-300.000000,True,0.226475184,0.784962769,False,0.177774587,,False,False
coarse,1500.000000,-300.000000,True,0.099151519,0.786276657,False,0.077960525,,False,False
coarse,1650.000000,-300.000000,True,0.016386438,0.798235406,False,0.013080235,,False,False
coarse,-1650.000000,-150.000000,True,0.247176484,0.607979624,False,0.150278266,,False,False
coarse,-1500.000000,-150.000000,True,0.398844230,0.579085974,False,0.230965099,,False,False
coarse,-1350.000000,-150.000000,True,0.574110094,0.549894765,False,0.315700135,,False,False
coarse,-1200.000000,-150.000000,True,0.777879970,0.513090564,False,0.399122872,,False,False
coarse,-1050.000000,-150.000000,True,0.992314566,0.474803150,False,0.471154082,,False,False
coarse,-900.000000,-150.000000,True,1.000000000,0.472517405,False,0.472517405,,False,False
coarse,-750.000000,-150.000000,True,1.000000000,0.464030474,False,0.464030474,,False,False
coarse,-600.000000,-150.000000,True,1.000000000,0.410338833,False,0.410338833,,False,False
coarse,-450.000000,-150.000000,True,1.000000000,0.286109596,False,0.286109596,,False,False
coarse,-300.000000,-150.000000,True,1.000000000,0.123453520,False,0.123453520,,False,False
coarse,-150.000000,-150.000000,True,1.000000000,0.445386141,False,0.445386141,,False,False
coarse,0.000000,-150.000000,True,1.000000000,0.603169633,True,0.603169633,5.330315963,False,False
coarse,150.000000,-150.000000,True,1.000000000,0.674348507,True,0.674348507,5.433036093,False,False
coarse,300.000000,-150.000000,True,1.000000000,0.687545462,True,0.687545462,5.358603279,False,False
coarse,450.000000,-150.000000,True,0.971919979,0.679287059,True,0.660212665,5.079760065,False,False
coarse,600.000000,-150.000000,True,0.921043269,0.669295419,True,0.616450040,4.684960896,False,False
coarse,750.000000,-150.000000,True,0.830296035,0.668104125,True,0.554724206,4.126982448,False,False
coarse,900.000000,-150.000000,True,0.697326131,0.674417120,False,0.470288681,,False,False
coarse,1050.000000,-150.000000,True,0.541744825,0.682942602,False,0.369980621,,False,False
coarse,1200.000000,-150.000000,True,0.390666783,0.693515035,False,0.270933288,,False,False
coarse,1350.000000,-150.000000,True,0.252411708,0.704384878,False,0.177794990,,False,False
coarse,1500.000000,-150.000000,True,0.131957672,0.709803780,False,0.093664054,,False,False
coarse,1650.000000,-150.000000,True,0.031850897,0.725405810,False,0.023104826,,False,False
coarse,-1800.000000,0.000000,True,0.109792941,0.713668318,False,0.078355743,,False,False
coarse,-1650.000000,0.000000,True,0.231392899,0.701464220,False,0.162313839,,False,False
coarse,-1500.000000,0.000000,True,0.394530665,0.682377394,False,0.269218807,,False,False
coarse,-1350.000000,0.000000,True,0.582326883,0.660405035,False,0.384571606,,False,False
coarse,-1200.000000,0.000000,True,0.804802338,0.630655313,True,0.507552870,4.019474315,False,False
coarse,-1050.000000,0.000000,True,1.000000000,0.608509580,True,0.608509580,4.939777111,False,False
coarse,-900.000000,0.000000,True,1.000000000,0.623734319,True,0.623734319,5.118756945,False,False
coarse,-750.000000,0.000000,True,1.000000000,0.634050748,True,0.634050748,5.268797999,False,False
coarse,-600.000000,0.000000,True,1.000000000,0.626827466,True,0.626827466,5.355890843,False,False
coarse,-450.000000,0.000000,True,1.000000000,0.589331737,True,0.589331737,5.320499196,False,False
coarse,-300.000000,0.000000,True,1.000000000,0.488966647,False,0.488966647,,False,False
coarse,-150.000000,0.000000,True,1.000000000,0.251060312,False,0.251060312,,False,False
coarse,0.000000,0.000000,True,1.000000000,0.244825459,False,0.244825459,,False,False
coarse,150.000000,0.000000,True,1.000000000,0.457759955,False,0.457759955,,False,False
coarse,300.000000,0.000000,True,0.994261704,0.511298419,True,0.508364438,4.753452685,False,False
coarse,450.000000,0.000000,True,0.961626310,0.519238749,True,0.499313642,4.558622443,False,False
coarse,600.000000,0.000000,True,0.908855577,0.525097896,True,0.477238151,4.245772833,False,False
coarse,750.000000,0.000000,True,0.816152203,0.539430332,True,0.440257254,3.768199919,False,False
coarse,900.000000,0.000000,True,0.692304256,0.556851333,False,0.385510548,,False,False
coarse,1050.000000,0.000000,True,0.543729226,0.575746176,False,0.313050023,,False,False
coarse,1200.000000,0.000000,True,0.397931394,0.594751085,False,0.236670128,,False,False
coarse,1350.000000,0.000000,True,0.265220225,0.612652706,False,0.162487889,,False,False
coarse,1500.000000,0.000000,True,0.148218551,0.624585106,False,0.092575100,,False,False
coarse,1650.000000,0.000000,True,0.046206878,0.642165140,False,0.029672446,,False,False
coarse,1800.000000,0.000000,True,0.003405802,0.669768770,False,0.002281100,,False,False
coarse,-1650.000000,150.000000,True,0.197766571,0.781961817,False,0.154645907,,False,False
coarse,-1500.000000,150.000000,True,0.368252207,0.770378181,False,0.283693465,,False,False
coarse,-1350.000000,150.000000,True,0.564561225,0.754344475,False,0.425873641,,False,False
coarse,-1200.000000,150.000000,True,0.805120956,0.729417983,True,0.587269704,4.198462864,False,False
coarse,-1050.000000,150.000000,True,0.999550084,0.716578793,True,0.716256393,5.201638248,False,False
coarse,-900.000000,150.000000,True,1.000000000,0.739257299,True,0.739257299,5.388934657,False,False
coarse,-750.000000,150.000000,True,1.000000000,0.758640951,True,0.758640951,5.552398638,False,False
coarse,-600.000000,150.000000,True,1.000000000,0.767530289,True,0.767530289,5.682363650,False,False
coarse,-450.000000,150.000000,True,1.000000000,0.755981128,True,0.755981128,5.728673823,False,False
coarse,-300.000000,150.000000,True,1.000000000,0.707211301,True,0.707211301,5.639737990,False,False
coarse,-150.000000,150.000000,True,1.000000000,0.589219096,True,0.589219096,5.277556413,False,False
coarse,0.000000,150.000000,True,1.000000000,0.394642956,False,0.394642956,,False,False
coarse,150.000000,150.000000,True,1.000000000,0.087816695,False,0.087816695,,False,False
coarse,300.000000,150.000000,True,0.985365052,0.226012228,False,0.222704551,,False,False
coarse,450.000000,150.000000,True,0.946048808,0.296830900,False,0.280816519,,False,False
coarse,600.000000,150.000000,True,0.886765422,0.343801267,False,0.304871075,,False,False
coarse,750.000000,150.000000,True,0.790606918,0.386065052,False,0.305225701,,False,False
coarse,900.000000,150.000000,True,0.671229362,0.421838249,False,0.283150219,,False,False
coarse,1050.000000,150.000000,True,0.527510634,0.455376365,False,0.240215875,,False,False
coarse,1200.000000,150.000000,True,0.390039438,0.484947803,False,0.189148768,,False,False
coarse,1350.000000,150.000000,True,0.263426413,0.511956076,False,0.134862753,,False,False
coarse,1500.000000,150.000000,True,0.152359824,0.531342749,False,0.080955288,,False,False
coarse,1650.000000,150.000000,True,0.052621602,0.555270204,False,0.029219208,,False,False
coarse,-1650.000000,300.000000,True,0.149528288,0.850286464,False,0.127141879,,False,False
coarse,-1500.000000,300.000000,True,0.309341688,0.839792876,False,0.259782946,,False,False
coarse,-1350.000000,300.000000,True,0.515272851,0.831750860,False,0.428578637,,False,False
coarse,-1200.000000,300.000000,True,0.770960849,0.810963816,False,0.625221352,,False,False
coarse,-1050.000000,300.000000,True,0.993909416,0.800202152,True,0.795328454,5.335114384,False,False
coarse,-900.000000,300.000000,True,1.000000000,0.823792453,True,0.823792453,5.536048813,False,False
coarse,-750.000000,300.000000,True,1.000000000,0.844049553,True,0.844049553,5.695399669,False,False
coarse,-600.000000,300.000000,True,1.000000000,0.854525236,True,0.854525236,5.815558762,False,False
coarse,-450.000000,300.000000,True,1.000000000,0.846658957,True,0.846658957,5.863255451,False,False
coarse,-300.000000,300.000000,True,1.000000000,0.808160146,True,0.808160146,5.796898308,False,False
coarse,-150.000000,300.000000,True,1.000000000,0.724974124,True,0.724974124,5.567856300,False,False
coarse,0.000000,300.000000,True,1.000000000,0.590445450,True,0.590445450,5.115470695,False,False
coarse,150.000000,300.000000,True,0.991756149,0.399733540,False,0.396438197,,False,False
coarse,300.000000,300.000000,True,0.962790830,0.155227303,False,0.149451424,,False,False
coarse,450.000000,300.000000,True,0.919746674,0.038622624,False,0.035523030,,False,False
coarse,600.000000,300.000000,True,0.849584713,0.144111469,False,0.122434901,,False,False
coarse,750.000000,300.000000,True,0.753551017,0.219443253,False,0.165361687,,False,False
coarse,900.000000,300.000000,True,0.629896204,0.277682777,False,0.174911327,,False,False
coarse,1050.000000,300.000000,True,0.493213184,0.327351982,False,0.161454313,,False,False
coarse,1200.000000,300.000000,True,0.367267785,0.368293555,False,0.135262358,,False,False
coarse,1350.000000,300.000000,True,0.250648927,0.404056709,False,0.101276380,,False,False
coarse,1500.000000,300.000000,True,0.144590827,0.432511110,False,0.062537139,,False,False
coarse,1650.000000,300.000000,True,0.049927933,0.464152708,False,0.023174185,,False,False
coarse,-1650.000000,450.000000,True,0.094985537,0.905253961,False,0.085986034,,False,False
coarse,-1500.000000,450.000000,True,0.226452432,0.895342089,False,0.202752393,,False,False
coarse,-1350.000000,450.000000,True,0.419188576,0.889629749,False,0.372922628,,False,False
coarse,-1200.000000,450.000000,True,0.689527641,0.875747879,False,0.603852369,,False,False
coarse,-1050.000000,450.000000,True,0.958411774,0.864240254,True,0.828298035,5.242821975,False,False
coarse,-900.000000,450.000000,True,1.000000000,0.883020462,True,0.883020462,5.607872924,False,False
coarse,-750.000000,450.000000,True,1.000000000,0.899506809,True,0.899506809,5.747159912,False,False
coarse,-600.000000,450.000000,True,1.000000000,0.905526740,True,0.905526740,5.841153527,False,False
coarse,-450.000000,450.000000,True,1.000000000,0.893957749,True,0.893957749,5.872840121,False,False
coarse,-300.000000,450.000000,True,1.000000000,0.855985309,True,0.855985309,5.797746708,False,False
coarse,-150.000000,450.000000,True,1.000000000,0.782841356,True,0.782841356,5.610267889,False,False
coarse,0.000000,450.000000,True,0.992067111,0.671302934,True,0.665977562,5.232242982,False,False
coarse,150.000000,450.000000,True,0.968340548,0.520509023,True,0.504029992,4.607296509,False,False
coarse,300.000000,450.000000,True,0.934884721,0.339352116,False,0.317255109,,False,False
coarse,450.000000,450.000000,True,0.879738088,0.170097980,False,0.149641671,,False,False
coarse,600.000000,450.000000,True,0.796802964,0.040306193,False,0.032116094,,False,False
coarse,750.000000,450.000000,True,0.700919215,0.057289806,False,0.040155526,,False,False
coarse,900.000000,450.000000,True,0.572910906,0.133930749,False,0.076730387,,False,False
coarse,1050.000000,450.000000,True,0.448810783,0.196876124,False,0.088360127,,False,False
coarse,1200.000000,450.000000,True,0.331821395,0.249077127,False,0.082649120,,False,False
coarse,1350.000000,450.000000,True,0.227504832,0.293471034,False,0.066766078,,False,False
coarse,1500.000000,450.000000,True,0.125176336,0.331489027,False,0.041494582,,False,False
coarse,1650.000000,450.000000,True,0.038701218,0.371224818,False,0.014366853,,False,False
coarse,-1650.000000,600.000000,True,0.039586961,0.953404512,False,0.037742387,,False,False
coarse,-1500.000000,600.000000,True,0.132775303,0.941619429,False,0.125023805,,False,False
coarse,-1350.000000,600.000000,True,0.293377246,0.932593353,False,0.273601670,,False,False
coarse,-1200.000000,600.000000,True,0.529624584,0.921030519,False,0.487800406,,False,False
coarse,-1050.000000,600.000000,True,0.844399724,0.909867860,True,0.768292170,4.661807630,False,False
coarse,-900.000000,600.000000,True,0.997978678,0.922881306,True,0.921015866,5.616214319,False,False
coarse,-750.000000,600.000000,True,1.000000000,0.933727135,True,0.933727135,5.740827269,False,False
coarse,-600.000000,600.000000,True,1.000000000,0.933630472,True,0.933630472,5.811859804,False,False
coarse,-450.000000,600.000000,True,1.000000000,0.916917871,True,0.916917871,5.815305646,False,False
coarse,-300.000000,600.000000,True,0.995530140,0.878531629,True,0.874604716,5.714049360,False,False
coarse,-150.000000,600.000000,True,0.984345871,0.813920914,True,0.801179691,5.487264538,False,False
coarse,0.000000,600.000000,True,0.962135778,0.720618850,True,0.693333178,5.102804247,False,False
coarse,150.000000,600.000000,True,0.932966157,0.597701753,True,0.557635507,4.590151475,False,False
coarse,300.000000,600.000000,True,0.886516945,0.456607160,False,0.404789984,,False,False
coarse,450.000000,600.000000,True,0.815231236,0.316742034,False,0.258218000,,False,False
coarse,600.000000,600.000000,True,0.732955778,0.191561874,False,0.140406382,,False,False
coarse,750.000000,600.000000,True,0.626501410,0.087590528,False,0.054875589,,False,False
coarse,900.000000,600.000000,True,0.509593694,0.018118573,False,0.009233111,,False,False
coarse,1050.000000,600.000000,True,0.398370595,0.070502181,False,0.028085996,,False,False
coarse,1200.000000,600.000000,True,0.286271838,0.131971639,False,0.037779764,,False,False
coarse,1350.000000,600.000000,True,0.198566476,0.183818455,False,0.036500183,,False,False
coarse,1500.000000,600.000000,True,0.096787206,0.231365694,False,0.022393239,,False,False
coarse,1650.000000,600.000000,True,0.028128074,0.273345992,False,0.007688696,,False,False
coarse,-1500.000000,750.000000,True,0.048108079,0.976893077,False,0.046996449,,False,False
coarse,-1350.000000,750.000000,True,0.161298137,0.964812765,False,0.155622501,,False,False
coarse,-1200.000000,750.000000,True,0.342174394,0.955726536,False,0.327025149,,False,False
coarse,-1050.000000,750.000000,True,0.617198503,0.941246991,False,0.580936234,,False,False
coarse,-900.000000,750.000000,True,0.857379814,0.945626956,True,0.810761463,4.789305085,False,False
coarse,-750.000000,750.000000,True,0.967336580,0.954973356,True,0.923780660,5.506800137,False,False
coarse,-600.000000,750.000000,True,0.974088364,0.950799705,True,0.926162929,5.596438449,False,False
coarse,-450.000000,750.000000,True,0.969936905,0.932101076,True,0.904079232,5.561889776,False,False
coarse,-300.000000,750.000000,True,0.960016186,0.895322339,True,0.859523937,5.435233116,False,False
coarse,-150.000000,750.000000,True,0.941883253,0.837594127,True,0.788915881,5.192388708,False,False
coarse,0.000000,750.000000,True,0.914221257,0.757619315,True,0.692631682,4.831496595,False,False
coarse,150.000000,750.000000,True,0.871270168,0.657702469,True,0.573036540,4.346187025,False,False
coarse,300.000000,750.000000,True,0.808865559,0.545040420,True,0.440864424,3.743950778,False,False
coarse,450.000000,750.000000,True,0.736412348,0.426325803,False,0.313951586,,False,False
coarse,600.000000,750.000000,True,0.644752663,0.313205016,False,0.201939768,,False,False
coarse,750.000000,750.000000,True,0.539200650,0.212712103,False,0.114694504,,False,False
coarse,900.000000,750.000000,True,0.433553764,0.124411288,False,0.053938982,,False,False
coarse,1050.000000,750.000000,True,0.333454559,0.047547400,False,0.015854897,,False,False
coarse,1200.000000,750.000000,True,0.241120380,0.023452679,False,0.005654919,,False,False
coarse,1350.000000,750.000000,True,0.152825688,0.079667752,False,0.012175279,,False,False
coarse,1500.000000,750.000000,True,0.064803224,0.133248950,False,0.008634962,,False,False
coarse,-1500.000000,900.000000,False,0.000000000,0.000000000,False,0.000000000,,False,False
coarse,-1350.000000,900.000000,True,0.038907390,0.991016930,False,0.038557882,,False,False
coarse,-1200.000000,900.000000,True,0.160394951,0.979538987,False,0.157113108,,False,False
coarse,-1050.000000,900.000000,True,0.365887500,0.966334255,False,0.353569624,,False,False
coarse,-900.000000,900.000000,True,0.622374867,0.960444342,False,0.597756420,,False,False
coarse,-750.000000,900.000000,True,0.779457410,0.965849621,False,0.752838644,,False,False
coarse,-600.000000,900.000000,True,0.858130127,0.962545845,True,0.825989589,4.850505401,False,False
coarse,-450.000000,900.000000,True,0.887656823,0.944742104,True,0.838606775,5.012258974,False,False
coarse,-300.000000,900.000000,True,0.881214895,0.910802538,True,0.802612763,4.913712803,False,False
coarse,-150.000000,900.000000,True,0.858779528,0.860277750,True,0.738788920,4.673147007,False,False
coarse,0.000000,900.000000,True,0.821293871,0.793187771,True,0.651440255,4.314759442,False,False
coarse,150.000000,900.000000,True,0.768995823,0.711222201,False,0.546926902,,False,False
coarse,300.000000,900.000000,True,0.702057701,0.615750336,False,0.432292265,,False,False
coarse,450.000000,900.000000,True,0.624724685,0.513663459,False,0.320898243,,False,False
coarse,600.000000,900.000000,True,0.537344359,0.414069226,False,0.222497763,,False,False
coarse,750.000000,900.000000,True,0.444031613,0.319825115,False,0.142012462,,False,False
coarse,900.000000,900.000000,True,0.354378661,0.233167044,False,0.082629425,,False,False
coarse,1050.000000,900.000000,True,0.265595949,0.154267580,False,0.040972844,,False,False
coarse,1200.000000,900.000000,True,0.189151298,0.082563720,False,0.015617035,,False,False
coarse,1350.000000,900.000000,True,0.100799066,0.022393558,False,0.002257250,,False,False
coarse,1500.000000,900.000000,True,0.035182196,0.036984264,False,0.001301188,,False,False
coarse,-1350.000000,1050.000000,False,0.000000000,0.000000000,False,0.000000000,,False,False
coarse,-1200.000000,1050.000000,True,0.008560257,0.997005756,False,0.008534625,,False,False
coarse,-1050.000000,1050.000000,True,0.121427540,0.986916756,False,0.119838874,,False,False
coarse,-900.000000,1050.000000,True,0.334602539,0.974309358,False,0.326006385,,False,False
coarse,-750.000000,1050.000000,True,0.532790034,0.974459640,False,0.519182385,,False,False
coarse,-600.000000,1050.000000,True,0.642143284,0.971621579,False,0.623920271,,False,False
coarse,-450.000000,1050.000000,True,0.695332060,0.956924435,False,0.665380238,,False,False
coarse,-300.000000,1050.000000,True,0.711766486,0.928712948,False,0.661026751,,False,False
coarse,-150.000000,1050.000000,True,0.697850569,0.886502363,False,0.618646178,,False,False
coarse,0.000000,1050.000000,True,0.668332316,0.828385479,False,0.553636786,,False,False
coarse,150.000000,1050.000000,True,0.625710526,0.756166365,False,0.473141254,,False,False
coarse,300.000000,1050.000000,True,0.568345316,0.674912362,False,0.383583279,,False,False
coarse,450.000000,1050.000000,True,0.497836987,0.587666294,False,0.292562017,,False,False
coarse,600.000000,1050.000000,True,0.424939049,0.498870821,False,0.211989692,,False,False
coarse,750.000000,1050.000000,True,0.346422349,0.411565038,False,0.142575327,,False,False
coarse,900.000000,1050.000000,True,0.268448963,0.328160848,False,0.088094440,,False,False
coarse,1050.000000,1050.000000,True,0.201846948,0.248290803,False,0.050116741,,False,False
coarse,1200.000000,1050.000000,True,0.121798849,0.176324177,False,0.021476082,,False,False
coarse,1350.000000,1050.000000,True,0.053474507,0.110065729,False,0.005885711,,False,False
coarse,-1200.000000,1200.000000,False,0.000000000,0.000000000,False,0.000000000,,False,False
coarse,-1050.000000,1200.000000,False,0.000000000,0.000000000,False,0.000000000,,False,False
coarse,-900.000000,1200.000000,True,0.055874008,0.992734568,False,0.055468059,,False,False
coarse,-750.000000,1200.000000,True,0.237679850,0.984863176,False,0.234082132,,False,False
coarse,-600.000000,1200.000000,True,0.384825995,0.982715438,False,0.378174446,,False,False
coarse,-450.000000,1200.000000,True,0.468792253,0.970883871,False,0.455142837,,False,False
coarse,-300.000000,1200.000000,True,0.506982219,0.946004707,False,0.479607566,,False,False
coarse,-150.000000,1200.000000,True,0.517626601,0.908413839,False,0.470219167,,False,False
coarse,0.000000,1200.000000,True,0.501399384,0.859009438,False,0.430706803,,False,False
coarse,150.000000,1200.000000,True,0.470394619,0.797516753,False,0.375147589,,False,False
coarse,300.000000,1200.000000,True,0.424761497,0.727384525,False,0.308964940,,False,False
coarse,450.000000,1200.000000,True,0.370995954,0.650251392,False,0.241240636,,False,False
coarse,600.000000,1200.000000,True,0.307911307,0.570728602,False,0.175733789,,False,False
coarse,750.000000,1200.000000,True,0.249483065,0.489279388,False,0.122066921,,False,False
coarse,900.000000,1200.000000,True,0.190354504,0.407336944,False,0.077538422,,False,False
coarse,1050.000000,1200.000000,True,0.121464819,0.331895666,False,0.040313647,,False,False
coarse,1200.000000,1200.000000,True,0.058911730,0.260964728,False,0.015373883,,False,False
coarse,-1050.000000,1350.000000,False,0.000000000,0.000000000,False,0.000000000,,False,False
coarse,-900.000000,1350.000000,False,0.000000000,0.000000000,False,0.000000000,,False,False
coarse,-750.000000,1350.000000,True,0.002271055,0.997904618,False,0.002266297,,False,False
coarse,-600.000000,1350.000000,True,0.117076077,0.992382456,False,0.116184245,,False,False
coarse,-450.000000,1350.000000,True,0.223702220,0.983490939,False,0.220009106,,False,False
coarse,-300.000000,1350.000000,True,0.289088736,0.963426156,False,0.278515649,,False,False
coarse,-150.000000,1350.000000,True,0.318753688,0.931859567,False,0.297033673,,False,False
coarse,0.000000,1350.000000,True,0.323593600,0.888436200,False,0.287492268,,False,False
coarse,150.000000,1350.000000,True,0.308868178,0.835093173,False,0.257933706,,False,False
coarse,300.000000,1350.000000,True,0.279862111,0.773446504,False,0.216458372,,False,False
coarse,450.000000,1350.000000,True,0.242864010,0.704853272,False,0.171183492,,False,False
coarse,600.000000,1350.000000,True,0.201641371,0.629182106,False,0.126869142,,False,False
coarse,750.000000,1350.000000,True,0.152579078,0.552372960,False,0.084280557,,False,False
coarse,900.000000,1350.000000,True,0.096497754,0.478388326,False,0.046163399,,False,False
coarse,1050.000000,1350.000000,True,0.050772639,0.407130666,False,0.020671099,,False,False
coarse,-900.000000,1500.000000,False,0.000000000,0.000000000,False,0.000000000,,False,False
coarse,-750.000000,1500.000000,False,0.000000000,0.000000000,False,0.000000000,,False,False
coarse,-600.000000,1500.000000,False,0.000000000,0.000000000,False,0.000000000,,False,False
coarse,-450.000000,1500.000000,True,0.021524137,0.995699252,False,0.021431567,,False,False
coarse,-300.000000,1500.000000,True,0.088441786,0.980099281,False,0.086681730,,False,False
coarse,-150.000000,1500.000000,True,0.128953107,0.952542509,False,0.122833316,,False,False
coarse,0.000000,1500.000000,True,0.150791128,0.914071217,False,0.137833830,,False,False
coarse,150.000000,1500.000000,True,0.156267822,0.865337795,False,0.135224452,,False,False
coarse,300.000000,1500.000000,True,0.145177255,0.808403781,False,0.117361842,,False,False
coarse,450.000000,1500.000000,True,0.121235671,0.745417022,False,0.090371133,,False,False
coarse,600.000000,1500.000000,True,0.088256227,0.680032823,False,0.060017131,,False,False
coarse,750.000000,1500.000000,True,0.057953992,0.611673785,False,0.035448937,,False,False
coarse,900.000000,1500.000000,True,0.029721080,0.549373987,False,0.016327988,,False,False
coarse,-600.000000,1650.000000,False,0.000000000,0.000000000,False,0.000000000,,False,False
coarse,-450.000000,1650.000000,False,0.000000000,0.000000000,False,0.000000000,,False,False
coarse,-300.000000,1650.000000,False,0.000000000,0.000000000,False,0.000000000,,False,False
coarse,-150.000000,1650.000000,True,0.005658663,0.974719271,False,0.005515608,,False,False
coarse,0.000000,1650.000000,True,0.021223234,0.936991616,False,0.019885992,,False,False
coarse,150.000000,1650.000000,True,0.031590196,0.894801004,False,0.028266939,,False,False
coarse,300.000000,1650.000000,True,0.032988508,0.845314064,False,0.027885650,,False,False
coarse,450.000000,1650.000000,True,0.025371634,0.792267053,False,0.020101109,,False,False
coarse,600.000000,1650.000000,True,0.015668692,0.732479919,False,0.011477002,,False,False
coarse,0.000000,1800.000000,False,0.000000000,0.000000000,False,0.000000000,,False,False
fine,-690.000000,650.000000,True,0.998525065,0.942538841,True,0.941148657,5.752247061,False,True
fine,-650.000000,650.000000,True,0.998496186,0.941942142,True,0.940525636,5.768964501,False,True
fine,230.000000,-840.000000,True,0.996438690,0.943308146,True,0.939948733,5.739119318,False,True
fine,-690.000000,690.000000,True,0.991163655,0.947852670,True,0.939477117,5.695813810,False,True
fine,230.000000,-800.000000,True,0.999082091,0.940203784,True,0.939340763,5.775348046,False,True
fine,-650.000000,690.000000,True,0.991627511,0.946948582,True,0.939020266,5.713900158,False,True
fine,-610.000000,650.000000,True,0.998236530,0.940357705,True,0.938699412,5.780526532,False,True
fine,270.000000,-840.000000,True,0.990775700,0.947420581,True,0.938681289,5.700567401,False,True
fine,190.000000,-840.000000,True,1.000000000,0.938279062,True,0.938279062,5.761175529,False,True
fine,270.000000,-800.000000,True,0.993813255,0.944022233,True,0.938181808,5.737501267,False,True
fine,-610.000000,690.000000,True,0.991638669,0.945073286,True,0.937171215,5.725438460,False,True
fine,-690.000000,610.000000,True,1.000000000,0.936837713,True,0.936837713,5.771717245,False,True
fine,-650.000000,610.000000,True,1.000000000,0.936639582,True,0.936639582,5.791021169,False,True
fine,230.000000,-760.000000,True,1.000000000,0.936557777,True,0.936557777,5.799190145,False,True
fine,270.000000,-760.000000,True,0.996182603,0.939934762,True,0.936346657,5.767968357,False,True
fine,190.000000,-800.000000,True,1.000000000,0.935637535,True,0.935637535,5.783963613,False,True
fine,-570.000000,650.000000,True,0.997747310,0.937695650,True,0.935583313,5.785610829,False,True
fine,-610.000000,610.000000,True,1.000000000,0.935410032,True,0.935410032,5.805380427,False,True
fine,-570.000000,690.000000,True,0.991196979,0.942153482,True,0.933859685,5.728460944,False,True
fine,310.000000,-760.000000,True,0.990792699,0.942425726,True,0.933748529,5.722835197,False,True
fine,310.000000,-800.000000,True,0.985884145,0.947063299,True,0.933694691,5.680629338,False,True
fine,270.000000,-720.000000,True,0.998359088,0.935036027,True,0.933501715,5.793987392,False,True
fine,-570.000000,610.000000,True,1.000000000,0.933037131,True,0.933037131,5.815790606,False,True
fine,310.000000,-840.000000,True,0.980548708,0.950918950,True,0.932422348,5.632713838,False,True
fine,190.000000,-760.000000,True,1.000000000,0.932365648,True,0.932365648,5.804481806,False,True
fine,150.000000,-840.000000,True,1.000000000,0.932258761,True,0.932258761,5.759627202,False,True
fine,230.000000,-720.000000,True,1.000000000,0.932252660,True,0.932252660,5.815493959,False,True
fine,-530.000000,650.000000,True,0.997030791,0.933862657,True,0.931089824,5.783180111,False,True
fine,310.000000,-720.000000,True,0.992892479,0.937207941,True,0.930546716,5.745598681,False,True
fine,-650.000000,570.000000,True,1.000000000,0.930535584,True,0.930535584,5.801215435,False,True
fine,-690.000000,570.000000,True,1.000000000,0.930291805,True,0.930291805,5.780631738,False,True
fine,150.000000,-800.000000,True,1.000000000,0.929831347,True,0.929831347,5.782677105,False,True
fine,-610.000000,570.000000,True,1.000000000,0.929737893,True,0.929737893,5.818072555,False,True
fine,-530.000000,610.000000,True,1.000000000,0.929405019,True,0.929405019,5.819778971,False,True
fine,270.000000,-680.000000,True,1.000000000,0.929277624,True,0.929277624,5.813269073,False,True
fine,-530.000000,690.000000,True,0.990304320,0.938113825,True,0.929018174,5.724044851,False,True
fine,190.000000,-720.000000,True,1.000000000,0.928366533,True,0.928366533,5.822107879,False,True
fine,-570.000000,570.000000,True,1.000000000,0.927778409,True,0.927778409,5.830098159,False,True
fine,230.000000,-680.000000,True,1.000000000,0.927094063,True,0.927094063,5.828358547,False,True
fine,150.000000,-760.000000,True,1.000000000,0.926790748,True,0.926790748,5.804498249,False,True
fine,310.000000,-680.000000,True,0.994795967,0.931070306,True,0.926224986,5.764576857,False,True
fine,350.000000,-800.000000,True,0.975384243,0.949491107,True,0.926118664,5.604886920,False,True
fine,350.000000,-760.000000,True,0.980194058,0.944556057,True,0.925848235,5.644331628,False,True
fine,-490.000000,650.000000,True,0.996090235,0.928762461,True,0.925131217,5.774932836,False,True
fine,110.000000,-840.000000,True,1.000000000,0.924889428,True,0.924889428,5.754819261,False,True
fine,-530.000000,570.000000,True,1.000000000,0.924531692,True,0.924531692,5.836720767,False,True
fine,-490.000000,610.000000,True,1.000000000,0.924395071,True,0.924395071,5.817432098,False,True
fine,350.000000,-720.000000,True,0.984636051,0.938743041,True,0.924320240,5.678934980,False,True
fine,350.000000,-840.000000,True,0.968899930,0.953660505,True,0.924001597,5.553200698,False,False
fine,190.000000,-680.000000,True,1.000000000,0.923529594,True,0.923529594,5.837442395,False,True
fine,-650.000000,530.000000,True,1.000000000,0.923340313,True,0.923340313,5.808697346,False,True
fine,150.000000,-720.000000,True,1.000000000,0.923038401,True,0.923038401,5.824646825,False,True
fine,-610.000000,530.000000,True,1.000000000,0.922980986,True,0.922980986,5.827713658,False,True
fine,270.000000,-640.000000,True,1.000000000,0.922757265,True,0.922757265,5.819423975,False,True
fine,-690.000000,530.000000,True,1.000000000,0.922650912,True,0.922650912,5.787565452,False,True
fine,110.000000,-800.000000,True,1.000000000,0.922612964,True,0.922612964,5.779023707,False,True
fine,-490.000000,690.000000,True,0.988964565,0.932877043,True,0.922582340,5.712224148,False,True
fine,-570.000000,530.000000,True,1.000000000,0.921443975,True,0.921443975,5.841249044,False,True
fine,350.000000,-680.000000,True,0.988693982,0.931959608,True,0.921422856,5.707538221,False,True
fine,230.000000,-640.000000,True,1.000000000,0.920959209,True,0.920959209,5.837334797,False,True
fine,310.000000,-640.000000,True,0.996495658,0.923903623,True,0.920665948,5.778540839,False,True
fine,-490.000000,570.000000,True,1.000000000,0.919868348,True,0.919868348,5.836256711,False,True
fine,110.000000,-760.000000,True,1.000000000,0.919737140,True,0.919737140,5.800969173,False,True
fine,-530.000000,530.000000,True,1.000000000,0.918593827,True,0.918593827,5.850503554,False,True
fine,150.000000,-680.000000,True,1.000000000,0.918461094,True,0.918461094,5.841633516,False,True
fine,-450.000000,610.000000,True,1.000000000,0.917887373,True,0.917887373,5.810049455,False,True
fine,190.000000,-640.000000,True,1.000000000,0.917728572,True,0.917728572,5.849398909,False,True
fine,-450.000000,650.000000,True,0.994929828,0.922296616,True,0.917620414,5.759350737,False,True
fine,390.000000,-760.000000,True,0.969456375,0.945926611,True,0.917034583,5.563192169,False,False
fine,110.000000,-720.000000,True,1.000000000,0.916161348,True,0.916161348,5.821411516,False,True
fine,70.000000,-840.000000,True,1.000000000,0.916099463,True,0.916099463,5.744552407,False,True
fine,350.000000,-640.000000,True,0.990875045,0.924347326,True,0.915912699,5.722093702,False,True
fine,390.000000,-800.000000,True,0.962186174,0.951277824,True,0.915306370,5.511575496,False,False
fine,390.000000,-720.000000,True,0.973748045,0.939800126,True,0.915128535,5.594383192,False,True
fine,270.000000,-600.000000,True,1.000000000,0.915112174,True,0.915112174,5.822358396,False,True
fine,-610.000000,490.000000,True,1.000000000,0.914986390,True,0.914986390,5.833607439,False,True
fine,-650.000000,490.000000,True,1.000000000,0.914909124,True,0.914909124,5.813864296,False,True
fine,-450.000000,690.000000,True,0.987183495,0.926364218,True,0.914491466,5.693004153,False,True
fine,-490.000000,530.000000,True,1.000000000,0.914289723,True,0.914289723,5.852564184,False,True
fine,70.000000,-800.000000,True,1.000000000,0.913902237,True,0.913902237,5.770415634,False,True
fine,-570.000000,490.000000,True,1.000000000,0.913872622,True,0.913872622,5.849967298,False,True
fine,-690.000000,490.000000,True,1.000000000,0.913778595,True,0.913778595,5.791853147,False,True
fine,310.000000,-600.000000,True,0.997984524,0.915586668,True,0.913741325,5.786915605,False,True
fine,230.000000,-600.000000,True,1.000000000,0.913708886,True,0.913708886,5.841675209,False,True
fine,-450.000000,570.000000,True,1.000000000,0.913656580,True,0.913656580,5.830057687,False,True
fine,150.000000,-640.000000,True,1.000000000,0.912928767,True,0.912928767,5.854959828,False,True
fine,390.000000,-680.000000,True,0.977664913,0.932702438,True,0.911870448,5.620914048,False,True
fine,110.000000,-680.000000,True,1.000000000,0.911769335,True,0.911769335,5.840081710,False,True
fine,390.000000,-840.000000,True,0.953817551,0.955812454,True,0.911670694,5.450796709,False,False
fine,-530.000000,490.000000,True,1.000000000,0.911421946,True,0.911421946,5.860180541,False,True
fine,70.000000,-760.000000,True,1.000000000,0.911115085,True,0.911115085,5.794329111,False,True
fine,190.000000,-600.000000,True,1.000000000,0.910819312,True,0.910819312,5.857075511,False,True
fine,-410.000000,610.000000,True,0.999190849,0.909948743,True,0.909212457,5.791557074,False,True
fine,350.000000,-600.000000,True,0.992309406,0.915662138,True,0.908620152,5.729370981,False,True
fine,-410.000000,650.000000,True,0.993554597,0.914365559,True,0.908472105,5.738536462,False,True
fine,-450.000000,530.000000,True,1.000000000,0.908387088,True,0.908387088,5.847050009,False,True
fine,70.000000,-720.000000,True,1.000000000,0.907634821,True,0.907634821,5.815173120,False,True
fine,-490.000000,490.000000,True,1.000000000,0.907481419,True,0.907481419,5.865169573,False,True
fine,390.000000,-640.000000,True,0.981192724,0.924535363,True,0.907147371,5.642493922,False,True
fine,110.000000,-640.000000,True,1.000000000,0.906426735,True,0.906426735,5.856096444,False,True
fine,150.000000,-600.000000,True,1.000000000,0.906291905,True,0.906291905,5.865452656,False,True
fine,270.000000,-560.000000,True,1.000000000,0.906190993,True,0.906190993,5.820373742,False,True
fine,30.000000,-840.000000,True,1.000000000,0.905824566,True,0.905824566,5.729480208,False,True
fine,-410.000000,570.000000,True,1.000000000,0.905764153,True,0.905764153,5.816991072,False,True
fine,-610.000000,450.000000,True,1.000000000,0.905583257,True,0.905583257,5.836459724,False,True
fine,310.000000,-560.000000,True,0.999256142,0.905984745,True,0.905310821,5.790309751,False,True
fine,230.000000,-560.000000,True,1.000000000,0.905185305,True,0.905185305,5.842144029,False,True
fine,-650.000000,450.000000,True,1.000000000,0.905081872,True,0.905081872,5.816373457,False,True
fine,-570.000000,450.000000,True,1.000000000,0.904882613,True,0.904882613,5.854393650,False,True
fine,-410.000000,690.000000,True,0.984968678,0.918495271,True,0.904689073,5.668535777,False,True
fine,30.000000,-800.000000,True,1.000000000,0.903626794,True,0.903626794,5.756564995,False,True
fine,-690.000000,450.000000,True,1.000000000,0.903525140,True,0.903525140,5.791891888,False,True
fine,70.000000,-680.000000,True,1.000000000,0.903341528,True,0.903341528,5.833691549,False,True
fine,-530.000000,450.000000,True,1.000000000,0.902823278,True,0.902823278,5.866604543,False,True
fine,190.000000,-560.000000,True,1.000000000,0.902637156,True,0.902637156,5.859682108,False,True
fine,-450.000000,490.000000,True,1.000000000,0.901892659,True,0.901892659,5.861994900,False,True
fine,30.000000,-760.000000,True,1.000000000,0.900843113,True,0.900843113,5.781216292,False,True
fine,390.000000,-600.000000,True,0.984317996,0.915191778,True,0.900839737,5.658339146,False,True
fine,-410.000000,530.000000,True,1.000000000,0.900739734,True,0.900739734,5.836088000,False,True
fine,110.000000,-600.000000,True,1.000000000,0.899978082,True,0.899978082,5.867409937,False,True
fine,350.000000,-560.000000,True,0.993533644,0.905693447,True,0.899836911,5.732058521,False,True
fine,-490.000000,450.000000,True,1.000000000,0.899239448,True,0.899239448,5.873497359,False,True
fine,150.000000,-560.000000,True,1.000000000,0.898378428,True,0.898378428,5.871112146,False,True
fine,-370.000000,610.000000,True,0.997546336,0.900514790,True,0.898305229,5.764818731,False,True
fine,70.000000,-640.000000,True,1.000000000,0.898095797,True,0.898095797,5.850020037,False,True
fine,-370.000000,650.000000,True,0.991970300,0.904869991,True,0.897604157,5.712870297,False,True
fine,30.000000,-720.000000,True,1.000000000,0.897367035,True,0.897367035,5.804283660,False,True
fine,-370.000000,570.000000,True,1.000000000,0.896060742,True,0.896060742,5.798333272,False,True
fine,270.000000,-520.000000,True,1.000000000,0.895823672,True,0.895823672,5.813368704,False,True
fine,230.000000,-520.000000,True,1.000000000,0.895209700,True,0.895209700,5.838005384,False,True
fine,310.000000,-520.000000,True,1.000000000,0.895020401,True,0.895020401,5.786841906,False,True
fine,-610.000000,410.000000,True,1.000000000,0.894581452,True,0.894581452,5.836137605,False,True
fine,-410.000000,490.000000,True,1.000000000,0.894494190,True,0.894494190,5.851279302,False,True
fine,-570.000000,410.000000,True,1.000000000,0.894269739,True,0.894269739,5.854211643,False,True
fine,-10.000000,-840.000000,True,1.000000000,0.894009286,True,0.894009286,5.708367333,False,True
fine,-450.000000,450.000000,True,1.000000000,0.893957749,True,0.893957749,5.872840121,False,True
fine,-650.000000,410.000000,True,1.000000000,0.893682051,True,0.893682051,5.814907817,False,True
fine,-370.000000,690.000000,True,0.982329316,0.909189713,True,0.893123709,5.636497902,False,True
fine,30.000000,-680.000000,True,1.000000000,0.893074101,True,0.893074101,5.824105060,False,True
fine,190.000000,-520.000000,True,1.000000000,0.892993910,True,0.892993910,5.856691590,False,True
fine,390.000000,-560.000000,True,0.987028244,0.904554638,True,0.892820975,5.667061515,False,True
fine,-530.000000,410.000000,True,1.000000000,0.892579184,True,0.892579184,5.869240147,False,True
fine,110.000000,-560.000000,True,1.000000000,0.892243166,True,0.892243166,5.874870087,False,True
fine,70.000000,-600.000000,True,1.000000000,0.891735361,True,0.891735361,5.863765545,False,True
fine,-690.000000,410.000000,True,1.000000000,0.891727117,True,0.891727117,5.787604022,False,True
fine,-10.000000,-800.000000,True,1.000000000,0.891723842,True,0.891723842,5.736321409,False,True
fine,-370.000000,530.000000,True,1.000000000,0.891202533,True,0.891202533,5.816992825,False,True
fine,350.000000,-520.000000,True,0.994542660,0.894297250,True,0.889416766,5.728853347,False,True
fine,-490.000000,410.000000,True,1.000000000,0.889330384,True,0.889330384,5.876678354,False,True
fine,150.000000,-520.000000,True,1.000000000,0.888989943,True,0.888989943,5.871282725,False,True
fine,-10.000000,-760.000000,True,1.000000000,0.888850141,True,0.888850141,5.762954209,False,True
fine,30.000000,-640.000000,True,1.000000000,0.887818828,True,0.887818828,5.840007139,False,True
fine,-410.000000,450.000000,True,1.000000000,0.886799732,True,0.886799732,5.863186118,False,True
fine,-330.000000,610.000000,True,0.995692990,0.889346836,True,0.885516411,5.731770246,False,True
fine,-10.000000,-720.000000,True,1.000000000,0.885277455,True,0.885277455,5.786481183,False,True
fine,-370.000000,490.000000,True,1.000000000,0.885124520,True,0.885124520,5.833742930,False,True
fine,-330.000000,650.000000,True,0.990183319,0.893712583,True,0.884939292,5.679491533,False,True
fine,-330.000000,570.000000,True,1.000000000,0.884420616,True,0.884420616,5.775405304,False,True
fine,-450.000000,410.000000,True,1.000000000,0.884333604,True,0.884333604,5.878802485,False,True
fine,70.000000,-560.000000,True,1.000000000,0.884070923,True,0.884070923,5.873054481,False,True
fine,270.000000,-480.000000,True,1.000000000,0.883819493,True,0.883819493,5.801904646,False,True
fine,230.000000,-480.000000,True,1.000000000,0.883579669,True,0.883579669,5.827348317,False,True
fine,110.000000,-520.000000,True,1.000000000,0.883012533,True,0.883012533,5.878040497,False,True
fine,310.000000,-480.000000,True,1.000000000,0.882597199,True,0.882597199,5.774853014,False,True
fine,390.000000,-520.000000,True,0.988775141,0.892615052,True,0.882595574,5.665751467,False,True
fine,-570.000000,370.000000,True,1.000000000,0.881805298,True,0.881805298,5.850177985,False,True
fine,-610.000000,370.000000,True,1.000000000,0.881770258,True,0.881770258,5.832127854,False,True
fine,190.000000,-480.000000,True,1.000000000,0.881674332,True,0.881674332,5.849101949,False,True
fine,30.000000,-600.000000,True,1.000000000,0.881430956,True,0.881430956,5.853127681,False,True
fine,-10.000000,-680.000000,True,1.000000000,0.880875631,True,0.880875631,5.807257752,False,True
fine,-50.000000,-840.000000,True,1.000000000,0.880608506,True,0.880608506,5.683752132,False,True
fine,-650.000000,370.000000,True,1.000000000,0.880516119,True,0.880516119,5.807671318,False,True
fine,-530.000000,370.000000,True,1.000000000,0.880442313,True,0.880442313,5.865620060,False,True
fine,-330.000000,690.000000,True,0.979276062,0.898367690,True,0.879749973,5.597163071,False,True
fine,-330.000000,530.000000,True,1.000000000,0.879634524,True,0.879634524,5.792998787,False,True
fine,-690.000000,370.000000,True,1.000000000,0.878207185,True,0.878207185,5.779200725,False,True
fine,-50.000000,-800.000000,True,1.000000000,0.878141907,True,0.878141907,5.710949615,False,True
fine,150.000000,-480.000000,True,1.000000000,0.877897213,True,0.877897213,5.864693229,False,True
fine,-370.000000,450.000000,True,1.000000000,0.877585451,True,0.877585451,5.846965862,False,True
fine,-490.000000,370.000000,True,1.000000000,0.877487634,True,0.877487634,5.875787840,False,True
fine,-410.000000,410.000000,True,1.000000000,0.877391305,True,0.877391305,5.871572731,False,True
fine,350.000000,-480.000000,True,0.995332126,0.881314310,True,0.877200446,5.718553291,False,True
fine,-10.000000,-640.000000,True,1.000000000,0.875491723,True,0.875491723,5.825439624,False,True
fine,-50.000000,-760.000000,True,1.000000000,0.875077540,True,0.875077540,5.737144995,False,True
fine,70.000000,-520.000000,True,1.000000000,0.874880894,True,0.874880894,5.876367153,False,True
fine,30.000000,-560.000000,True,1.000000000,0.873710740,True,0.873710740,5.863001109,False,True
fine,-330.000000,490.000000,True,1.000000000,0.873625871,True,0.873625871,5.808471827,False,True
fine,-450.000000,370.000000,True,1.000000000,0.872733686,True,0.872733686,5.878544318,False,True
fine,110.000000,-480.000000,True,1.000000000,0.872041855,True,0.872041855,5.874246832,False,True
fine,-50.000000,-720.000000,True,1.000000000,0.871299289,True,0.871299289,5.762079033,False,True
fine,-290.000000,610.000000,True,0.993638438,0.876339524,True,0.870764636,5.690829482,False,True
fine,-290.000000,570.000000,True,0.999045856,0.871000852,True,0.870169792,5.739722371,False,True
fine,230.000000,-440.000000,True,1.000000000,0.870066339,True,0.870066339,5.811012839,False,True
fine,390.000000,-480.000000,True,0.989535479,0.879261827,True,0.870060773,5.654401613,False,True
fine,270.000000,-440.000000,True,1.000000000,0.869965072,True,0.869965072,5.785359501,False,True
fine,-290.000000,650.000000,True,0.986875511,0.881074195,True,0.869510546,5.632807928,False,True
fine,-10.000000,-600.000000,True,1.000000000,0.868945833,True,0.868945833,5.838576679,False,True
fine,190.000000,-440.000000,True,1.000000000,0.868432114,True,0.868432114,5.834651477,False,True
fine,310.000000,-440.000000,True,1.000000000,0.868352343,True,0.868352343,5.756429832,False,True
fine,-370.000000,410.000000,True,1.000000000,0.868302198,True,0.868302198,5.854809989,False,True
fine,-570.000000,330.000000,True,1.000000000,0.867234034,True,0.867234034,5.841622831,False,True
fine,-610.000000,330.000000,True,1.000000000,0.866917235,True,0.866917235,5.821909940,False,True
fine,-50.000000,-680.000000,True,1.000000000,0.866669855,True,0.866669855,5.784339739,False,True
fine,-330.000000,450.000000,True,1.000000000,0.866138073,True,0.866138073,5.821365016,False,True
fine,-530.000000,330.000000,True,1.000000000,0.866133450,True,0.866133450,5.856688583,False,True
fine,-410.000000,370.000000,True,1.000000000,0.865961237,True,0.865961237,5.873596691,False,True
fine,-290.000000,530.000000,True,1.000000000,0.865902247,True,0.865902247,5.763351624,False,True
fine,-90.000000,-840.000000,True,1.000000000,0.865588791,True,0.865588791,5.653731750,False,True
fine,-650.000000,330.000000,True,1.000000000,0.865373089,True,0.865373089,5.795519591,False,True
fine,150.000000,-440.000000,True,1.000000000,0.864834674,True,0.864834674,5.851640705,False,True
fine,-290.000000,690.000000,True,0.975820820,0.885951353,True,0.864529776,5.549935800,False,False
fine,30.000000,-520.000000,True,1.000000000,0.864422938,True,0.864422938,5.868866706,False,True
fine,70.000000,-480.000000,True,1.000000000,0.863904667,True,0.863904667,5.874891875,False,True
fine,-490.000000,330.000000,True,1.000000000,0.863407075,True,0.863407075,5.868626550,False,True
fine,350.000000,-440.000000,True,0.995898575,0.866568688,True,0.863014522,5.701731048,False,True
fine,-90.000000,-800.000000,True,1.000000000,0.862842427,True,0.862842427,5.681614173,False,True
fine,-690.000000,330.000000,True,1.000000000,0.862774252,True,0.862774252,5.764423686,False,True
fine,-50.000000,-640.000000,True,1.000000000,0.861027031,True,0.861027031,5.802147439,False,True
fine,-10.000000,-560.000000,True,1.000000000,0.861025855,True,0.861025855,5.847295278,False,True
fine,-290.000000,490.000000,True,1.000000000,0.859848287,True,0.859848287,5.778074756,False,True
fine,-90.000000,-760.000000,True,1.000000000,0.859481053,True,0.859481053,5.706904860,False,True
fine,110.000000,-440.000000,True,1.000000000,0.859044801,True,0.859044801,5.863556337,False,True
fine,-450.000000,330.000000,True,1.000000000,0.858828052,True,0.858828052,5.872039037,False,True
fine,-370.000000,370.000000,True,1.000000000,0.856943717,True,0.856943717,5.858351229,False,True
fine,-330.000000,410.000000,True,1.000000000,0.856867002,True,0.856867002,5.830976914,False,True
fine,390.000000,-440.000000,True,0.990080850,0.864168455,True,0.855596638,5.635711572,False,True
fine,-90.000000,-720.000000,True,1.000000000,0.855381836,True,0.855381836,5.730554742,False,True
fine,230.000000,-400.000000,True,1.000000000,0.854411476,True,0.854411476,5.788649635,False,True
fine,-50.000000,-600.000000,True,1.000000000,0.854179120,True,0.854179120,5.816747943,False,True
fine,270.000000,-400.000000,True,1.000000000,0.854022491,True,0.854022491,5.762624331,False,True
fine,-250.000000,610.000000,True,0.991390707,0.861393140,True,0.853977155,5.642574082,False,True
fine,30.000000,-480.000000,True,1.000000000,0.853289032,True,0.853289032,5.867551442,False,True
fine,-250.000000,570.000000,True,0.996716613,0.855863054,True,0.853052924,5.690605793,False,True
fine,190.000000,-400.000000,True,1.000000000,0.852985438,True,0.852985438,5.812112461,False,True
fine,-290.000000,450.000000,True,1.000000000,0.852289223,True,0.852289223,5.789151803,False,True
fine,-410.000000,330.000000,True,1.000000000,0.852152531,True,0.852152531,5.869196935,False,True
fine,310.000000,-400.000000,True,1.000000000,0.852065321,True,0.852065321,5.730934134,False,True
fine,-250.000000,650.000000,True,0.982893962,0.866738996,True,0.851912526,5.575676216,False,False
fine,-10.000000,-520.000000,True,1.000000000,0.851480675,True,0.851480675,5.851854026,False,True
fine,70.000000,-440.000000,True,1.000000000,0.850833868,True,0.850833868,5.866473133,False,True
fine,-90.000000,-680.000000,True,1.000000000,0.850398583,True,0.850398583,5.752425852,False,True
fine,-570.000000,290.000000,True,1.000000000,0.850272129,True,0.850272129,5.827363095,False,True
fine,-250.000000,530.000000,True,1.000000000,0.849883035,True,0.849883035,5.724849217,False,True
fine,-610.000000,290.000000,True,1.000000000,0.849767353,True,0.849767353,5.804383118,False,True
fine,150.000000,-400.000000,True,1.000000000,0.849493845,True,0.849493845,5.831979732,False,True
fine,-530.000000,290.000000,True,1.000000000,0.849338068,True,0.849338068,5.842105346,False,True
fine,-650.000000,290.000000,True,1.000000000,0.848024532,True,0.848024532,5.777199677,False,True
fine,-250.000000,690.000000,True,0.971976538,0.871866601,True,0.847433881,5.494153030,False,False
fine,-490.000000,290.000000,True,1.000000000,0.846741848,True,0.846741848,5.853203578,False,True
fine,350.000000,-400.000000,True,0.996239473,0.849866263,True,0.846670318,5.677303558,False,True
fine,-50.000000,-560.000000,True,1.000000000,0.845899071,True,0.845899071,5.826703803,False,True
fine,-330.000000,370.000000,True,1.000000000,0.845454204,True,0.845454204,5.834130981,False,True
fine,-690.000000,290.000000,True,1.000000000,0.845224102,True,0.845224102,5.743313642,False,True
fine,-90.000000,-640.000000,True,1.000000000,0.844357605,True,0.844357605,5.772092233,False,True
fine,110.000000,-400.000000,True,1.000000000,0.843683924,True,0.843683924,5.843609868,False,True
fine,-250.000000,490.000000,True,1.000000000,0.843653622,True,0.843653622,5.739561484,False,True
fine,-370.000000,330.000000,True,1.000000000,0.843123588,True,0.843123588,5.855585908,False,True
fine,-290.000000,410.000000,True,1.000000000,0.842895698,True,0.842895698,5.796693995,False,True
fine,-450.000000,290.000000,True,1.000000000,0.842236211,True,0.842236211,5.859319109,False,True
fine,-10.000000,-480.000000,True,1.000000000,0.840011279,True,0.840011279,5.851424787,False,True
fine,30.000000,-440.000000,True,1.000000000,0.839976990,True,0.839976990,5.859001870,False,True
fine,390.000000,-400.000000,True,0.990408990,0.847151713,True,0.839026672,5.609344935,False,True
fine,-90.000000,-600.000000,True,1.000000000,0.837052655,True,0.837052655,5.786661175,False,True
fine,230.000000,-360.000000,True,1.000000000,0.836324822,True,0.836324822,5.759303688,False,True
fine,-50.000000,-520.000000,True,1.000000000,0.835916790,True,0.835916790,5.829598364,False,True
fine,-250.000000,450.000000,True,1.000000000,0.835884311,True,0.835884311,5.750688613,False,True
fine,270.000000,-360.000000,True,1.000000000,0.835727748,True,0.835727748,5.731041923,False,True
fine,-410.000000,290.000000,True,1.000000000,0.835549866,True,0.835549866,5.855448839,False,True
fine,70.000000,-400.000000,True,1.000000000,0.835300705,True,0.835300705,5.848913803,False,True
fine,-210.000000,610.000000,True,0.988958100,0.844416292,True,0.835092332,5.585649785,False,True
fine,190.000000,-360.000000,True,1.000000000,0.835012303,True,0.835012303,5.782273712,False,True
fine,-210.000000,570.000000,True,0.994198561,0.838581878,True,0.833716897,5.632427548,False,True
fine,310.000000,-360.000000,True,1.000000000,0.833493766,True,0.833493766,5.698785218,False,True
fine,-210.000000,650.000000,True,0.978527607,0.850575247,True,0.832311361,5.509874988,False,False
fine,150.000000,-360.000000,True,1.000000000,0.831515591,True,0.831515591,5.802247225,False,True
fine,-330.000000,330.000000,True,1.000000000,0.831478985,True,0.831478985,5.830319289,False,True
fine,-290.000000,370.000000,True,1.000000000,0.831275344,True,0.831275344,5.799727009,False,True
fine,-210.000000,530.000000,True,0.999394079,0.831664160,True,0.831160237,5.676000373,False,True
fine,-570.000000,250.000000,True,1.000000000,0.830605436,True,0.830605436,5.803771576,False,True
fine,-610.000000,250.000000,True,1.000000000,0.830042594,True,0.830042594,5.780523227,False,True
fine,-530.000000,250.000000,True,1.000000000,0.829702717,True,0.829702717,5.820762076,False,True
fine,-210.000000,690.000000,True,0.967756992,0.856045229,True,0.828443756,5.431445563,False,False
fine,-90.000000,-560.000000,True,1.000000000,0.828238436,True,0.828238436,5.795619340,False,True
fine,-650.000000,250.000000,True,1.000000000,0.828225182,True,0.828225182,5.750169451,False,True
fine,350.000000,-360.000000,True,0.996353279,0.830993287,True,0.827962886,5.643817277,False,True
fine,-490.000000,250.000000,True,1.000000000,0.827096311,True,0.827096311,5.830513680,False,True
fine,-370.000000,290.000000,True,1.000000000,0.826389754,True,0.826389754,5.843686167,False,True
fine,-10.000000,-440.000000,True,1.000000000,0.826259059,True,0.826259059,5.844300885,False,True
fine,-250.000000,410.000000,True,1.000000000,0.826215288,True,0.826215288,5.755907327,False,True
fine,110.000000,-360.000000,True,1.000000000,0.825558934,True,0.825558934,5.815442445,False,True
fine,-690.000000,250.000000,True,1.000000000,0.825340683,True,0.825340683,5.716169741,False,True
fine,-210.000000,490.000000,True,1.000000000,0.824918827,True,0.824918827,5.692565729,False,True
fine,30.000000,-400.000000,True,1.000000000,0.824087483,True,0.824087483,5.843285256,False,True
fine,-50.000000,-480.000000,True,1.000000000,0.823908881,True,0.823908881,5.826771229,False,True
fine,-450.000000,250.000000,True,1.000000000,0.822517945,True,0.822517945,5.836244935,False,True
fine,390.000000,-360.000000,True,0.990518525,0.828011058,True,0.820160292,5.574116882,False,False
fine,-90.000000,-520.000000,True,1.000000000,0.817621886,True,0.817621886,5.799948306,False,True
fine,-290.000000,330.000000,True,1.000000000,0.816964212,True,0.816964212,5.796596560,False,True
fine,70.000000,-360.000000,True,1.000000000,0.816862034,True,0.816862034,5.820911544,False,True
fine,-210.000000,450.000000,True,1.000000000,0.816786710,True,0.816786710,5.701542507,False,True
fine,-410.000000,250.000000,True,1.000000000,0.815666927,True,0.815666927,5.833298130,False,True
fine,-330.000000,290.000000,True,1.000000000,0.814447935,True,0.814447935,5.819534020,False,True
fine,-250.000000,370.000000,True,1.000000000,0.814211286,True,0.814211286,5.755919228,False,True
fine,-10.000000,-400.000000,True,1.000000000,0.809790266,True,0.809790266,5.826340591,False,True
fine,-50.000000,-440.000000,True,1.000000000,0.809485030,True,0.809485030,5.817313435,False,True
fine,-570.000000,210.000000,True,1.000000000,0.807888251,True,0.807888251,5.771191634,False,True
fine,-610.000000,210.000000,True,1.000000000,0.807442249,True,0.807442249,5.746897633,False,True
fine,-530.000000,210.000000,True,1.000000000,0.806831653,True,0.806831653,5.790080679,False,True
fine,-210.000000,410.000000,True,1.000000000,0.806676144,True,0.806676144,5.706409076,False,True
fine,-370.000000,250.000000,True,1.000000000,0.806208972,True,0.806208972,5.821367602,False,True
fine,-650.000000,210.000000,True,1.000000000,0.805714324,True,0.805714324,5.715357315,False,True
fine,30.000000,-360.000000,True,1.000000000,0.805134547,True,0.805134547,5.816089728,False,True
fine,-90.000000,-480.000000,True,1.000000000,0.804850136,True,0.804850136,5.795866489,False,True
fine,-490.000000,210.000000,True,1.000000000,0.804019474,True,0.804019474,5.799037072,False,True
fine,-690.000000,210.000000,True,1.000000000,0.802898220,True,0.802898220,5.682093467,True,True
fine,-290.000000,290.000000,True,1.000000000,0.799416815,True,0.799416815,5.782837253,False,True
fine,-250.000000,330.000000,True,1.000000000,0.799350913,True,0.799350913,5.749551760,False,True
fine,-450.000000,210.000000,True,1.000000000,0.799161993,True,0.799161993,5.802427903,False,True
fine,-210.000000,370.000000,True,1.000000000,0.794098728,True,0.794098728,5.704278155,False,True
fine,-330.000000,250.000000,True,1.000000000,0.793778561,True,0.793778561,5.797183377,False,True
fine,-50.000000,-400.000000,True,1.000000000,0.792170188,True,0.792170188,5.799700454,False,True
fine,-410.000000,210.000000,True,1.000000000,0.791928616,True,0.791928616,5.800395712,False,True
fine,-10.000000,-360.000000,True,1.000000000,0.790074685,True,0.790074685,5.798508494,False,True
fine,-90.000000,-440.000000,True,1.000000000,0.789493856,True,0.789493856,5.782570989,False,True
fine,-370.000000,210.000000,True,1.000000000,0.781942036,True,0.781942036,5.785659194,False,True
fine,-250.000000,290.000000,True,1.000000000,0.781016172,True,0.781016172,5.734900230,False,True
fine,-210.000000,330.000000,True,1.000000000,0.778457228,True,0.778457228,5.693426888,False,True
fine,-290.000000,250.000000,True,1.000000000,0.777991835,True,0.777991835,5.758712454,False,True
fine,-50.000000,-360.000000,True,1.000000000,0.771381565,True,0.771381565,5.769920804,False,True
fine,-90.000000,-400.000000,True,1.000000000,0.771024946,True,0.771024946,5.760127666,False,True
fine,-330.000000,210.000000,True,1.000000000,0.768770295,True,0.768770295,5.761601489,False,True
fine,-210.000000,290.000000,True,1.000000000,0.759030174,True,0.759030174,5.673211428,False,True
fine,-250.000000,250.000000,True,1.000000000,0.758481251,True,0.758481251,5.708006110,False,True
fine,-290.000000,210.000000,True,1.000000000,0.751925577,True,0.751925577,5.721393001,False,True
fine,-90.000000,-360.000000,True,1.000000000,0.748788467,True,0.748788467,5.726156914,False,True
fine,-210.000000,250.000000,True,1.000000000,0.734958738,True,0.734958738,5.640572377,False,True
fine,-250.000000,210.000000,True,1.000000000,0.730895248,True,0.730895248,5.663737456,False,True
fine,-210.000000,210.000000,True,1.000000000,0.705236951,True,0.705236951,5.591220173,False,True
