source_x_m,source_y_m,source_posterior_weight,conditional_detection_probability,bearing_error_deg,second_bearing_deg,polygon_diameter_m,integration_weight
-800.000000,-440.000000,0.014477871685,1.000000000000,-1.000000,259.394795845,34.753896092,0.004825957228
-800.000000,-440.000000,0.014477871685,1.000000000000,0.000000,260.394795845,34.221923096,0.004825957228
-800.000000,-440.000000,0.014477871685,1.000000000000,1.000000,261.394795845,33.716105665,0.004825957228
-740.000000,-400.000000,0.014477871685,1.000000000000,-1.000000,264.314100160,32.376056613,0.004825957228
-740.000000,-400.000000,0.014477871685,1.000000000000,0.000000,265.314100160,31.959851245,0.004825957228
-740.000000,-400.000000,0.014477871685,1.000000000000,1.000000,266.314100160,31.563703565,0.004825957228
-700.000000,-380.000000,0.014477871685,1.000000000000,-1.000000,268.028978069,30.928279966,0.004825957228
-700.000000,-380.000000,0.014477871685,1.000000000000,0.000000,269.028978069,30.581880406,0.004825957228
-700.000000,-380.000000,0.014477871685,1.000000000000,1.000000,270.028978069,30.252267381,0.004825957228
-640.000000,-340.000000,0.014477871685,1.000000000000,-1.000000,274.194428908,29.044516745,0.004825957228
-640.000000,-340.000000,0.014477871685,1.000000000000,0.000000,275.194428908,28.791005988,0.004825957228
-640.000000,-340.000000,0.014477871685,1.000000000000,1.000000,276.194428908,28.550503909,0.004825957228
-600.000000,-320.000000,0.014477871685,1.000000000000,-1.000000,278.637538113,28.014802150,0.004825957228
-600.000000,-320.000000,0.014477871685,1.000000000000,0.000000,279.637538113,27.815708973,0.004825957228
-600.000000,-320.000000,0.014477871685,1.000000000000,1.000000,280.637538113,27.627781929,0.004825957228
-580.000000,-300.000000,0.014477871685,1.000000000000,-1.000000,281.171458209,27.531898401,0.004825957228
-580.000000,-300.000000,0.014477871685,1.000000000000,0.000000,282.171458209,27.360450508,0.004825957228
-580.000000,-300.000000,0.014477871685,1.000000000000,1.000000,283.171458209,27.199358609,0.004825957228
-560.000000,-300.000000,0.014477871685,1.000000000000,-1.000000,283.300277449,27.179345179,0.004825957228
-560.000000,-300.000000,0.014477871685,1.000000000000,0.000000,284.300277449,27.029608962,0.004825957228
-560.000000,-300.000000,0.014477871685,1.000000000000,1.000000,285.300277449,26.889659529,0.004825957228
-540.000000,-280.000000,0.014477871685,1.000000000000,-1.000000,286.020525612,26.794790896,0.004825957228
-540.000000,-280.000000,0.014477871685,1.000000000000,0.000000,287.020525612,26.671135773,0.004825957228
-540.000000,-280.000000,0.014477871685,1.000000000000,1.000000,288.020525612,26.556668976,0.004825957228
-520.000000,-260.000000,0.014477871685,1.000000000000,-1.000000,288.885165114,26.464958885,0.004825957228
-520.000000,-260.000000,0.014477871685,1.000000000000,0.000000,289.885165114,26.367137868,0.004825957228
-520.000000,-260.000000,0.014477871685,1.000000000000,1.000000,290.885165114,26.278012389,0.004825957228
-500.000000,-260.000000,0.014477871685,1.000000000000,-1.000000,291.011283198,26.267382235,0.004825957228
-500.000000,-260.000000,0.014477871685,1.000000000000,0.000000,292.011283198,26.187879781,0.004825957228
-500.000000,-260.000000,0.014477871685,1.000000000000,1.000000,293.011283198,26.116788550,0.004825957228
-480.000000,-240.000000,0.014477871685,1.000000000000,-1.000000,294.016893478,26.053668009,0.004825957228
-480.000000,-240.000000,0.014477871685,1.000000000000,0.000000,295.016893478,25.999124174,0.004825957228
-480.000000,-240.000000,0.014477871685,1.000000000000,1.000000,296.016893478,25.952697166,0.004825957228
-460.000000,-240.000000,0.014477871685,1.000000000000,-1.000000,296.072080238,25.950369852,0.004825957228
-460.000000,-240.000000,0.014477871685,1.000000000000,0.000000,297.072080238,25.912430196,0.004825957228
-460.000000,-240.000000,0.014477871685,1.000000000000,1.000000,298.072080238,25.882473857,0.004825957228
-440.000000,-220.000000,0.014477871685,1.000000000000,-1.000000,299.173520030,25.858663357,0.004825957228
-440.000000,-220.000000,0.014477871685,1.000000000000,0.000000,300.173520030,25.845348588,0.004825957228
-440.000000,-220.000000,0.014477871685,1.000000000000,1.000000,301.173520030,25.839914562,0.004825957228
-420.000000,-200.000000,0.014477871685,1.000000000000,-1.000000,302.366366001,26.313259002,0.004825957228
-420.000000,-200.000000,0.014477871685,1.000000000000,0.000000,303.366366001,26.784497880,0.004825957228
-420.000000,-200.000000,0.014477871685,1.000000000000,1.000000,304.366366001,27.270849273,0.004825957228
-400.000000,-200.000000,0.014477871685,1.000000000000,-1.000000,304.272421449,27.224503085,0.004825957228
-400.000000,-200.000000,0.014477871685,1.000000000000,0.000000,305.272421449,27.724972331,0.004825957228
-400.000000,-200.000000,0.014477871685,1.000000000000,1.000000,306.272421449,28.241544355,0.004825957228
-380.000000,-180.000000,0.014477871685,1.000000000000,-1.000000,307.480198248,28.887779122,0.004825957228
-380.000000,-180.000000,0.014477871685,1.000000000000,0.000000,308.480198248,29.442115181,0.004825957228
-380.000000,-180.000000,0.014477871685,1.000000000000,1.000000,309.480198248,30.014689624,0.004825957228
-360.000000,-180.000000,0.014477871685,1.000000000000,-1.000000,309.236358309,29.873350026,0.004825957228
-360.000000,-180.000000,0.014477871685,1.000000000000,0.000000,310.236358309,30.460237678,0.004825957228
-360.000000,-180.000000,0.014477871685,1.000000000000,1.000000,311.236358309,31.066795331,0.004825957228
-360.000000,-160.000000,0.014477871685,1.000000000000,-1.000000,310.729512077,30.756850898,0.004825957228
-360.000000,-160.000000,0.014477871685,1.000000000000,0.000000,311.729512077,31.373437632,0.004825957228
-360.000000,-160.000000,0.014477871685,1.000000000000,1.000000,312.729512077,32.011069521,0.004825957228
-340.000000,-160.000000,0.014477871685,1.000000000000,-1.000000,312.408859729,31.804259191,0.004825957228
-340.000000,-160.000000,0.014477871685,1.000000000000,0.000000,313.408859729,32.456758452,0.004825957228
-340.000000,-160.000000,0.014477871685,1.000000000000,1.000000,314.408859729,33.132037121,0.004825957228
-320.000000,-160.000000,0.014477871685,1.000000000000,-1.000000,314.000000000,32.853119126,0.004825957228
-320.000000,-160.000000,0.014477871685,1.000000000000,0.000000,315.000000000,33.542392045,0.004825957228
-320.000000,-160.000000,0.014477871685,1.000000000000,1.000000,316.000000000,34.256287663,0.004825957228
-320.000000,-140.000000,0.014477871685,1.000000000000,-1.000000,315.591140271,33.961349686,0.004825957228
-320.000000,-140.000000,0.014477871685,1.000000000000,0.000000,316.591140271,34.690391026,0.004825957228
-320.000000,-140.000000,0.014477871685,1.000000000000,1.000000,317.591140271,35.446113530,0.004825957228
-300.000000,-140.000000,0.014477871685,1.000000000000,-1.000000,317.094058059,35.067036002,0.004825957228
-300.000000,-140.000000,0.014477871685,1.000000000000,0.000000,318.094058059,35.836705323,0.004825957228
-300.000000,-140.000000,0.014477871685,1.000000000000,1.000000,319.094058059,36.635219503,0.004825957228
-300.000000,-120.000000,0.014477871685,1.000000000000,-1.000000,318.763641691,36.368092111,0.004825957228
-300.000000,-120.000000,0.014477871685,1.000000000000,0.000000,319.763641691,37.186790944,0.004825957228
-300.000000,-120.000000,0.014477871685,1.000000000000,1.000000,320.763641691,38.037018164,0.004825957228
-280.000000,-120.000000,0.014477871685,1.000000000000,-1.000000,320.170175095,37.528536407,0.004825957228
-280.000000,-120.000000,0.014477871685,1.000000000000,0.000000,321.170175095,38.392078186,0.004825957228
-280.000000,-120.000000,0.014477871685,1.000000000000,1.000000,322.170175095,39.289665503,0.004825957228
-260.000000,-120.000000,0.014477871685,1.000000000000,-1.000000,321.495857640,38.680576554,0.004825957228
-260.000000,-120.000000,0.014477871685,1.000000000000,0.000000,322.495857640,39.589665705,0.004825957228
-260.000000,-120.000000,0.014477871685,1.000000000000,1.000000,323.495857640,40.535413651,0.004825957228
-260.000000,-100.000000,0.014477871685,1.000000000000,-1.000000,323.211026541,40.262179638,0.004825957228
-260.000000,-100.000000,0.014477871685,1.000000000000,0.000000,324.211026541,41.235449561,0.004825957228
-260.000000,-100.000000,0.014477871685,1.000000000000,1.000000,325.211026541,42.249150703,0.004825957228
-240.000000,-100.000000,0.014477871685,1.000000000000,-1.000000,324.437475351,41.461375718,0.004825957228
-240.000000,-100.000000,0.014477871685,1.000000000000,0.000000,325.437475351,42.484563130,0.004825957228
-240.000000,-100.000000,0.014477871685,1.000000000000,1.000000,326.437475351,43.551184424,0.004825957228
-220.000000,-100.000000,0.014477871685,1.000000000000,-1.000000,325.592175410,42.646665004,0.004825957228
-220.000000,-100.000000,0.014477871685,1.000000000000,0.000000,326.592175410,43.720237997,0.004825957228
-220.000000,-100.000000,0.014477871685,1.000000000000,1.000000,327.592175410,44.840333509,0.004825957228
-220.000000,-80.000000,0.014477871685,1.000000000000,-1.000000,327.324531262,44.535826819,0.004825957228
-220.000000,-80.000000,0.014477871685,1.000000000000,0.000000,328.324531262,45.691821178,0.004825957228
-220.000000,-80.000000,0.014477871685,1.000000000000,1.000000,329.324531262,46.899509876,0.004825957228
-200.000000,-80.000000,0.014477871685,1.000000000000,-1.000000,328.381394591,45.759078049,0.004825957228
-200.000000,-80.000000,0.014477871685,1.000000000000,0.000000,329.381394591,46.969803457,0.004825957228
-200.000000,-80.000000,0.014477871685,1.000000000000,1.000000,330.381394591,48.235735950,0.004825957228
-200.000000,-60.000000,0.014477871685,1.000000000000,-1.000000,330.144338780,47.930460102,0.004825957228
-200.000000,-60.000000,0.014477871685,1.000000000000,0.000000,331.144338780,49.240920974,0.004825957228
-200.000000,-60.000000,0.014477871685,1.000000000000,1.000000,332.144338780,50.613143785,0.004825957228
-180.000000,-60.000000,0.014477871685,1.000000000000,-1.000000,331.102728969,49.185189036,0.004825957228
-180.000000,-60.000000,0.014477871685,1.000000000000,0.000000,332.102728969,50.554761449,0.004825957228
-180.000000,-60.000000,0.014477871685,1.000000000000,1.000000,333.102728969,51.990070927,0.004825957228
-160.000000,-60.000000,0.014477871685,1.000000000000,-1.000000,332.004161606,50.416915879,0.004825957228
-160.000000,-60.000000,0.014477871685,1.000000000000,0.000000,333.004161606,51.845552125,0.004825957228
-160.000000,-60.000000,0.014477871685,1.000000000000,1.000000,334.004161606,53.343962063,0.004825957228
-160.000000,-40.000000,0.014477871685,1.000000000000,-1.000000,333.746836605,52.951454534,0.004825957228
-160.000000,-40.000000,0.014477871685,1.000000000000,0.000000,334.746836605,54.504798760,0.004825957228
-160.000000,-40.000000,0.014477871685,1.000000000000,1.000000,335.746836605,56.136644659,0.004825957228
-140.000000,-40.000000,0.014477871685,1.000000000000,-1.000000,334.556045220,54.202538573,0.004825957228
-140.000000,-40.000000,0.014477871685,1.000000000000,0.000000,335.556045220,55.818987242,0.004825957228
-140.000000,-40.000000,0.014477871685,1.000000000000,1.000000,336.556045220,57.518456574,0.004825957228
-120.000000,-40.000000,0.014477871685,1.000000000000,-1.000000,335.317912275,55.426741869,0.004825957228
-120.000000,-40.000000,0.014477871685,1.000000000000,0.000000,336.317912275,57.105912640,0.004825957228
-120.000000,-40.000000,0.014477871685,1.000000000000,1.000000,337.317912275,58.872661742,0.004825957228
-140.000000,-20.000000,0.014477871685,1.000000000000,-1.000000,336.306205055,57.085759631,0.004825957228
-140.000000,-20.000000,0.014477871685,1.000000000000,0.000000,337.306205055,58.851447131,0.004825957228
-140.000000,-20.000000,0.014477871685,1.000000000000,1.000000,338.306205055,60.711104976,0.004825957228
-120.000000,-20.000000,0.014477871685,1.000000000000,-1.000000,337.025492009,58.346598082,0.004825957228
-120.000000,-20.000000,0.014477871685,1.000000000000,0.000000,338.025492009,60.179190396,0.004825957228
-120.000000,-20.000000,0.014477871685,1.000000000000,1.000000,339.025492009,62.110777758,0.004825957228
-100.000000,-20.000000,0.014477871685,1.000000000000,-1.000000,337.702645951,59.577069434,0.004825957228
-100.000000,-20.000000,0.014477871685,1.000000000000,0.000000,338.702645951,61.475903543,0.004825957228
-100.000000,-20.000000,0.014477871685,1.000000000000,1.000000,339.702645951,63.478776070,0.004825957228
-100.000000,0.000000,0.014477871685,1.000000000000,-1.000000,339.407718109,62.876794572,0.004825957228
-100.000000,0.000000,0.014477871685,1.000000000000,0.000000,340.407718109,64.957818012,0.004825957228
-100.000000,0.000000,0.014477871685,1.000000000000,1.000000,341.407718109,67.157090883,0.004825957228
-80.000000,0.000000,0.014477871685,1.000000000000,-1.000000,340.003345845,64.102573265,0.004825957228
-80.000000,0.000000,0.014477871685,1.000000000000,0.000000,341.003345845,66.252938919,0.004825957228
-80.000000,0.000000,0.014477871685,1.000000000000,1.000000,342.003345845,68.527089665,0.004825957228
-60.000000,0.000000,0.014477871685,1.000000000000,-1.000000,340.565051177,65.295765954,0.004825957228
-60.000000,0.000000,0.014477871685,1.000000000000,0.000000,341.565051177,67.514482868,0.004825957228
-60.000000,0.000000,0.014477871685,1.000000000000,1.000000,342.565051177,69.862507822,0.004825957228
-60.000000,20.000000,0.014477871685,1.000000000000,-1.000000,342.217355855,69.030805536,0.004825957228
-60.000000,20.000000,0.014477871685,1.000000000000,0.000000,343.217355855,71.468836892,0.004825957228
-60.000000,20.000000,0.014477871685,1.000000000000,1.000000,344.217355855,74.054328526,0.004825957228
-40.000000,20.000000,0.014333453117,1.000000000000,-1.000000,342.705952543,70.204337361,0.004777817706
-40.000000,20.000000,0.014333453117,1.000000000000,0.000000,343.705952543,72.712928214,0.004777817706
-40.000000,20.000000,0.014333453117,1.000000000000,1.000000,344.705952543,75.374954954,0.004777817706
-20.000000,20.000000,0.013836369146,1.000000000000,-1.000000,343.167613380,71.344176557,0.004612123049
-20.000000,20.000000,0.013836369146,1.000000000000,0.000000,344.167613380,73.922046972,0.004612123049
-20.000000,20.000000,0.013836369146,1.000000000000,1.000000,345.167613380,76.659282817,0.004612123049
-40.000000,40.000000,0.014029631509,1.000000000000,-1.000000,344.343248884,74.390890970,0.004676543836
-40.000000,40.000000,0.014029631509,1.000000000000,0.000000,345.343248884,77.157507249,0.004676543836
-40.000000,40.000000,0.014029631509,1.000000000000,1.000000,346.343248884,80.099948908,0.004676543836
-20.000000,40.000000,0.013537598782,1.000000000000,-1.000000,344.762719534,75.530937435,0.004512532927
-20.000000,40.000000,0.013537598782,1.000000000000,0.000000,345.762719534,78.369499905,0.004512532927
-20.000000,40.000000,0.013537598782,1.000000000000,1.000000,346.762719534,81.390276727,0.004512532927
0.000000,40.000000,0.013042496655,1.000000000000,-1.000000,345.159304508,76.635845989,0.004347498885
0.000000,40.000000,0.013042496655,1.000000000000,0.000000,346.159304508,79.544815530,0.004347498885
0.000000,40.000000,0.013042496655,1.000000000000,1.000000,347.159304508,82.642311596,0.004347498885
20.000000,40.000000,0.012544472718,1.000000000000,-1.000000,345.534791905,77.707037674,0.004181490906
20.000000,40.000000,0.012544472718,1.000000000000,0.000000,346.534791905,80.684899076,0.004181490906
20.000000,40.000000,0.012544472718,1.000000000000,1.000000,347.534791905,83.857519831,0.004181490906
0.000000,60.000000,0.012740527083,1.000000000000,-1.000000,346.735226272,81.304649211,0.004246842361
0.000000,60.000000,0.012740527083,1.000000000000,0.000000,347.735226272,84.518397579,0.004246842361
0.000000,60.000000,0.012740527083,1.000000000000,1.000000,348.735226272,87.948659343,0.004246842361
20.000000,60.000000,0.012247325023,1.000000000000,-1.000000,347.070677823,82.359748111,0.004082441674
20.000000,60.000000,0.012247325023,1.000000000000,0.000000,348.070677823,85.643981642,0.004082441674
20.000000,60.000000,0.012247325023,1.000000000000,1.000000,349.070677823,89.151349870,0.004082441674
40.000000,60.000000,0.011751215040,1.000000000000,-1.000000,347.388513576,83.380604259,0.003917071680
40.000000,60.000000,0.011751215040,1.000000000000,0.000000,348.388513576,86.733592842,0.003917071680
40.000000,60.000000,0.011751215040,1.000000000000,1.000000,349.388513576,90.316227295,0.003917071680
20.000000,80.000000,0.011942330457,1.000000000000,-1.000000,348.624155080,87.556350298,0.003980776819
20.000000,80.000000,0.011942330457,1.000000000000,0.000000,349.624155080,91.196222416,0.003980776819
20.000000,80.000000,0.011942330457,1.000000000000,1.000000,350.624155080,95.093453024,0.003980776819
40.000000,80.000000,0.011450951151,1.000000000000,-1.000000,348.902495616,88.544985463,0.003816983717
40.000000,80.000000,0.011450951151,1.000000000000,0.000000,349.902495616,92.254093407,0.003816983717
40.000000,80.000000,0.011450951151,1.000000000000,1.000000,350.902495616,96.227376349,0.003816983717
60.000000,80.000000,0.010956679805,1.000000000000,-1.000000,349.166436036,89.499676288,0.003652226602
60.000000,80.000000,0.010956679805,1.000000000000,0.000000,350.166436036,93.276115578,0.003652226602
60.000000,80.000000,0.010956679805,1.000000000000,1.000000,351.166436036,97.323405642,0.003652226602
80.000000,80.000000,0.010459646472,1.000000000000,-1.000000,349.417055276,90.422065767,0.003486548824
80.000000,80.000000,0.010459646472,1.000000000000,0.000000,350.417055276,94.263997369,0.003486548824
80.000000,80.000000,0.010459646472,1.000000000000,1.000000,351.417055276,98.383316957,0.003486548824
60.000000,100.000000,0.010653462661,1.000000000000,-1.000000,350.656108416,95.222502943,0.003551154220
60.000000,100.000000,0.010653462661,1.000000000000,0.000000,351.656108416,99.412172751,0.003551154220
60.000000,100.000000,0.010653462661,1.000000000000,1.000000,352.656108416,103.914645906,0.003551154220
80.000000,100.000000,0.010160958536,1.000000000000,-1.000000,350.869897646,96.093425057,0.003386986179
80.000000,100.000000,0.010160958536,1.000000000000,0.000000,351.869897646,100.347410228,0.003386986179
80.000000,100.000000,0.010160958536,1.000000000000,1.000000,352.869897646,104.920875955,0.003386986179
100.000000,100.000000,0.009665705721,1.000000000000,-1.000000,351.073073317,96.933366438,0.003221901907
100.000000,100.000000,0.009665705721,1.000000000000,0.000000,352.073073317,101.249732523,0.003221901907
100.000000,100.000000,0.009665705721,1.000000000000,1.000000,353.073073317,105.892092556,0.003221901907
120.000000,100.000000,0.009167823400,1.000000000000,-1.000000,351.266401901,97.743909600,0.003055941133
120.000000,100.000000,0.009167823400,1.000000000000,0.000000,352.266401901,102.120801012,0.003055941133
120.000000,100.000000,0.009167823400,1.000000000000,1.000000,353.266401901,106.830040558,0.003055941133
80.000000,120.000000,0.009854938970,1.000000000000,-1.000000,352.333340109,102.425280202,0.003284979657
80.000000,120.000000,0.009854938970,1.000000000000,0.000000,353.333340109,107.157983097,0.003284979657
80.000000,120.000000,0.009854938970,1.000000000000,1.000000,354.333340109,112.261061659,0.003284979657
100.000000,120.000000,0.009364134334,1.000000000000,-1.000000,352.500653720,103.192904989,0.003121378111
100.000000,120.000000,0.009364134334,1.000000000000,0.000000,353.500653720,107.984958331,0.003121378111
100.000000,120.000000,0.009364134334,1.000000000000,1.000000,354.500653720,113.153840078,0.003121378111
120.000000,120.000000,0.008870595893,1.000000000000,-1.000000,352.659808254,103.931924553,0.002956865298
120.000000,120.000000,0.008870595893,1.000000000000,0.000000,353.659808254,108.781382295,0.002956865298
120.000000,120.000000,0.008870595893,1.000000000000,1.000000,354.659808254,114.013938824,0.002956865298
140.000000,120.000000,0.008374439100,1.000000000000,-1.000000,352.811384037,104.643884971,0.002791479700
140.000000,120.000000,0.008374439100,1.000000000000,0.000000,353.811384037,109.548890955,0.002791479700
140.000000,120.000000,0.008374439100,1.000000000000,1.000000,354.811384037,114.843090518,0.002791479700
120.000000,140.000000,0.008566282816,1.000000000000,-1.000000,354.060784458,110.831242975,0.002855427605
120.000000,140.000000,0.008566282816,1.000000000000,0.000000,355.060784458,116.229046672,0.002855427605
120.000000,140.000000,0.008566282816,1.000000000000,1.000000,356.060784458,122.071255791,0.002855427605
140.000000,140.000000,0.008074395854,1.000000000000,-1.000000,354.179233922,111.448933034,0.002691465285
140.000000,140.000000,0.008074395854,1.000000000000,0.000000,355.179233922,116.896913224,0.002691465285
140.000000,140.000000,0.008074395854,1.000000000000,1.000000,356.179233922,122.795032952,0.002691465285
160.000000,140.000000,0.007579903174,1.000000000000,-1.000000,354.292147756,112.043032413,0.002526634391
160.000000,140.000000,0.007579903174,1.000000000000,0.000000,355.292147756,117.539439037,0.002526634391
160.000000,140.000000,0.007579903174,1.000000000000,1.000000,356.292147756,123.491538594,0.002526634391
180.000000,140.000000,0.007082911117,1.000000000000,-1.000000,354.399904334,112.614857149,0.002360970372
180.000000,140.000000,0.007082911117,1.000000000000,0.000000,355.399904334,118.158028187,0.002360970372
180.000000,140.000000,0.007082911117,1.000000000000,1.000000,356.399904334,124.162272830,0.002360970372
160.000000,160.000000,0.007277177626,1.000000000000,-1.000000,355.633539337,119.517686871,0.002425725875
160.000000,160.000000,0.007277177626,1.000000000000,0.000000,356.633539337,125.637152124,0.002425725875
160.000000,160.000000,0.007277177626,1.000000000000,1.000000,357.633539337,132.285406903,0.002425725875
180.000000,160.000000,0.006784290522,1.000000000000,-1.000000,355.710757322,119.972701164,0.002261430174
180.000000,160.000000,0.006784290522,1.000000000000,0.000000,356.710757322,126.130910801,0.002261430174
180.000000,160.000000,0.006784290522,1.000000000000,1.000000,357.710757322,132.822553864,0.002261430174
200.000000,160.000000,0.006288914788,1.000000000000,-1.000000,355.784516008,120.409983702,0.002096304929
200.000000,160.000000,0.006288914788,1.000000000000,0.000000,356.784516008,126.605515261,0.002096304929
200.000000,160.000000,0.006288914788,1.000000000000,1.000000,357.784516008,133.338964300,0.002096304929
220.000000,160.000000,0.005791148674,1.000000000000,-1.000000,355.855042535,120.830547829,0.001930382891
220.000000,160.000000,0.005791148674,1.000000000000,0.000000,356.855042535,127.062055087,0.001930382891
220.000000,160.000000,0.005791148674,1.000000000000,1.000000,357.855042535,133.835811988,0.001930382891
180.000000,180.000000,0.006479007106,1.000000000000,-1.000000,357.025065989,128.173784803,0.002159669035
180.000000,180.000000,0.006479007106,1.000000000000,0.000000,358.025065989,135.046077336,0.002159669035
180.000000,180.000000,0.006479007106,1.000000000000,1.000000,359.025065989,142.539367275,0.002159669035
200.000000,180.000000,0.005987669775,1.000000000000,-1.000000,357.069412559,128.466364905,0.001995889925
200.000000,180.000000,0.005987669775,1.000000000000,0.000000,358.069412559,135.364679242,0.001995889925
200.000000,180.000000,0.005987669775,1.000000000000,1.000000,359.069412559,142.887250946,0.001995889925
220.000000,180.000000,0.005493855762,1.000000000000,-1.000000,357.111811993,128.747119051,0.001831285254
220.000000,180.000000,0.005493855762,1.000000000000,0.000000,358.111811993,135.670438455,0.001831285254
220.000000,180.000000,0.005493855762,1.000000000000,1.000000,359.111811993,143.221152283,0.001831285254
240.000000,180.000000,0.004997660526,1.000000000000,-1.000000,357.152389734,129.016749291,0.001665886842
240.000000,180.000000,0.004997660526,1.000000000000,0.000000,358.152389734,135.964115311,0.001665886842
240.000000,180.000000,0.004997660526,1.000000000000,1.000000,359.152389734,143.541896691,0.001665886842
260.000000,180.000000,0.004499175108,1.000000000000,-1.000000,357.191260678,129.275903242,0.001499725036
260.000000,180.000000,0.004499175108,1.000000000000,0.000000,358.191260678,136.246411353,0.001499725036
260.000000,180.000000,0.004499175108,1.000000000000,1.000000,359.191260678,143.850245939,0.001499725036
220.000000,200.000000,0.005190103929,1.000000000000,-1.000000,358.370401392,137.559819355,0.001730034643
220.000000,200.000000,0.005190103929,1.000000000000,0.000000,359.370401392,145.285313955,0.001730034643
220.000000,200.000000,0.005190103929,1.000000000000,1.000000,0.370401392,153.741112166,0.001730034643
240.000000,200.000000,0.004697799475,1.000000000000,-1.000000,358.383940092,137.659918275,0.001565933158
240.000000,200.000000,0.004697799475,1.000000000000,0.000000,359.383940092,145.394714963,0.001565933158
240.000000,200.000000,0.004697799475,1.000000000000,1.000000,0.383940092,153.861033858,0.001565933158
260.000000,200.000000,0.004203124081,1.000000000000,-1.000000,358.396908806,137.755914193,0.001401041360
260.000000,200.000000,0.004203124081,1.000000000000,0.000000,359.396908806,145.499635667,0.001401041360
260.000000,200.000000,0.004203124081,1.000000000000,1.000000,0.396908806,153.976049049,0.001401041360
280.000000,200.000000,0.003706166314,1.000000000000,-1.000000,358.409342785,137.848054288,0.001235388771
280.000000,200.000000,0.003706166314,1.000000000000,0.000000,359.409342785,145.600345740,0.001235388771
280.000000,200.000000,0.003706166314,1.000000000000,1.000000,0.409342785,154.086452788,0.001235388771
240.000000,220.000000,0.004391650905,1.000000000000,-1.000000,359.616059908,147.291397287,0.001463883635
240.000000,220.000000,0.004391650905,1.000000000000,0.000000,0.616059908,155.940899628,0.001463883635
240.000000,220.000000,0.004391650905,1.000000000000,1.000000,1.616059908,165.444458115,0.001463883635
260.000000,220.000000,0.003900806173,1.000000000000,-1.000000,359.603091194,147.184370830,0.001300268724
260.000000,220.000000,0.003900806173,1.000000000000,0.000000,0.603091194,155.823496920,0.001300268724
260.000000,220.000000,0.003900806173,1.000000000000,1.000000,1.603091194,165.315259775,0.001300268724
280.000000,220.000000,0.003407601769,1.000000000000,-1.000000,359.590657215,147.081875868,0.001135867256
280.000000,220.000000,0.003407601769,1.000000000000,0.000000,0.590657215,155.711069462,0.001135867256
280.000000,220.000000,0.003407601769,1.000000000000,1.000000,1.590657215,165.191541761,0.001135867256
300.000000,220.000000,0.002912123854,1.000000000000,-1.000000,359.578725566,146.983630597,0.000970707951
300.000000,220.000000,0.002912123854,1.000000000000,0.000000,0.578725566,155.603307586,0.000970707951
300.000000,220.000000,0.002912123854,1.000000000000,1.000000,1.578725566,165.072962652,0.000970707951
320.000000,220.000000,0.002414454816,1.000000000000,-1.000000,359.567266410,146.889376105,0.000804818272
320.000000,220.000000,0.002414454816,1.000000000000,0.000000,0.567266410,155.499926800,0.000804818272
320.000000,220.000000,0.002414454816,1.000000000000,1.000000,1.567266410,164.959208809,0.000804818272
280.000000,240.000000,0.003102931404,1.000000000000,-1.000000,0.771469740,157.359011508,0.001034310468
280.000000,240.000000,0.003102931404,1.000000000000,0.000000,1.771469740,167.005487843,0.001034310468
280.000000,240.000000,0.003102931404,1.000000000000,1.000000,2.771469740,177.645407719,0.001034310468
300.000000,240.000000,0.002611151223,1.000000000000,-1.000000,0.735704589,157.030809396,0.000870383741
300.000000,240.000000,0.002611151223,1.000000000000,0.000000,1.735704589,166.644137528,0.000870383741
300.000000,240.000000,0.002611151223,1.000000000000,1.000000,2.735704589,177.246180973,0.000870383741
320.000000,240.000000,0.002117107326,1.000000000000,-1.000000,0.701354605,156.716636360,0.000705702442
320.000000,240.000000,0.002117107326,1.000000000000,0.000000,1.701354605,166.298273738,0.000705702442
320.000000,240.000000,0.002117107326,1.000000000000,1.000000,2.701354605,176.864112003,0.000705702442
340.000000,240.000000,0.001620879955,1.000000000000,-1.000000,0.668337448,156.415612348,0.000540293318
340.000000,240.000000,0.001620879955,1.000000000000,0.000000,1.668337448,165.966922533,0.000540293318
340.000000,240.000000,0.001620879955,1.000000000000,1.000000,2.668337448,176.498118845,0.000540293318
360.000000,240.000000,0.001122545933,1.000000000000,-1.000000,0.636577042,156.126929364,0.000374181978
360.000000,240.000000,0.001122545933,1.000000000000,0.000000,1.636577042,165.649189910,0.000374181978
360.000000,240.000000,0.001122545933,1.000000000000,1.000000,2.636577042,176.147208567,0.000374181978
300.000000,260.000000,0.002304226468,1.000000000000,-1.000000,1.891269596,168.225150652,0.000768075489
300.000000,260.000000,0.002304226468,1.000000000000,0.000000,2.891269596,178.993292118,0.000768075489
300.000000,260.000000,0.002304226468,1.000000000000,1.000000,3.891269596,190.918511217,0.000768075489
320.000000,260.000000,0.001813825734,1.000000000000,-1.000000,1.834111016,167.641438805,0.000604608578
320.000000,260.000000,0.001813825734,1.000000000000,0.000000,2.834111016,178.348142763,0.000604608578
320.000000,260.000000,0.001813825734,1.000000000000,1.000000,3.834111016,190.202782279,0.000604608578
340.000000,260.000000,0.001321171897,1.000000000000,-1.000000,1.779166864,167.083420767,0.000440390632
340.000000,260.000000,0.001321171897,1.000000000000,0.000000,2.779166864,177.731516215,0.000440390632
340.000000,260.000000,0.001321171897,1.000000000000,1.000000,3.779166864,189.518845112,0.000440390632
360.000000,260.000000,0.000826343112,1.000000000000,-1.000000,1.726310994,166.549439662,0.000275447704
360.000000,260.000000,0.000826343112,1.000000000000,0.000000,2.726310994,177.141565425,0.000275447704
360.000000,260.000000,0.000826343112,1.000000000000,1.000000,3.726310994,188.864631709,0.000275447704
380.000000,260.000000,0.000329414283,1.000000000000,-1.000000,1.675426656,166.037977845,0.000109804761
380.000000,260.000000,0.000329414283,1.000000000000,0.000000,2.675426656,176.576599183,0.000109804761
380.000000,260.000000,0.000329414283,1.000000000000,1.000000,3.675426656,188.238249306,0.000109804761
340.000000,280.000000,0.001015674640,1.000000000000,-1.000000,2.887909561,178.955263295,0.000338558213
340.000000,280.000000,0.001015674640,1.000000000000,0.000000,3.887909561,190.876317622,0.000338558213
340.000000,280.000000,0.001015674640,1.000000000000,1.000000,4.887909561,204.129702757,0.000338558213
360.000000,280.000000,0.000524368700,1.000000000000,-1.000000,2.814074834,178.122881695,0.000174789567
360.000000,280.000000,0.000524368700,1.000000000000,0.000000,3.814074834,189.952914993,0.000174789567
360.000000,280.000000,0.000524368700,1.000000000000,1.000000,4.814074834,203.101192798,0.000174789567
380.000000,280.000000,0.000030897116,1.000000000000,-1.000000,2.742988296,177.327367536,0.000010299039
380.000000,280.000000,0.000030897116,1.000000000000,0.000000,3.742988296,189.070658647,0.000010299039
380.000000,280.000000,0.000030897116,1.000000000000,1.000000,4.742988296,202.118809427,0.000010299039
